ICD10,CC,MCE_AGE_CONDITION
A072,5.0,
A310,5.0,
A312,5.0,
A3681,186.0,
A391,43.0,
A8100,112.0,
A8101,112.0,
A8109,112.0,
A811,112.0,
A812,112.0,
A8181,112.0,
A8182,112.0,
A8183,112.0,
A8189,112.0,
A819,112.0,
B0082,155.0,
B0112,155.0,
B0221,168.0,
B0222,168.0,
B0223,168.0,
B0224,155.0,
B0229,168.0,
B1710,55.0,
B1711,55.0,
B180,56.0,
B181,56.0,
B182,54.0,
B188,56.0,
B1920,55.0,
B1921,55.0,
B20,1.0,
B250,5.0,
B251,5.0,
B252,5.0,
B258,5.0,
B259,5.0,
B3324,186.0,
B371,5.0,
B377,5.0,
B3781,5.0,
B440,5.0,
B441,5.0,
B442,5.0,
B447,5.0,
B4481,227.0,
B4489,5.0,
B449,5.0,
B450,5.0,
B451,5.0,
B452,5.0,
B453,5.0,
B457,5.0,
B458,5.0,
B459,5.0,
B460,5.0,
B461,5.0,
B462,5.0,
B463,5.0,
B464,5.0,
B465,5.0,
B468,5.0,
B469,5.0,
B484,5.0,
B488,5.0,
B582,5.0,
B583,5.0,
B59,5.0,
B9735,1.0,
C01,22.0,
C020,22.0,
C021,22.0,
C022,22.0,
C023,22.0,
C024,22.0,
C028,22.0,
C029,22.0,
C030,22.0,
C031,22.0,
C039,22.0,
C040,22.0,
C041,22.0,
C048,22.0,
C049,22.0,
C050,22.0,
C051,22.0,
C052,22.0,
C058,22.0,
C059,22.0,
C060,22.0,
C061,22.0,
C062,22.0,
C0680,22.0,
C0689,22.0,
C069,22.0,
C07,22.0,
C080,22.0,
C081,22.0,
C089,22.0,
C160,22.0,
C161,22.0,
C162,22.0,
C163,22.0,
C164,22.0,
C165,22.0,
C166,22.0,
C168,22.0,
C169,22.0,
C170,22.0,
C171,22.0,
C172,22.0,
C173,22.0,
C178,22.0,
C179,22.0,
C220,20.0,
C221,20.0,
C222,20.0,
C223,20.0,
C224,20.0,
C227,20.0,
C228,20.0,
C229,20.0,
C23,22.0,
C240,22.0,
C241,22.0,
C248,22.0,
C249,22.0,
C250,20.0,
C251,20.0,
C252,20.0,
C253,20.0,
C254,20.0,
C257,20.0,
C258,20.0,
C259,20.0,
C300,22.0,
C301,22.0,
C310,22.0,
C311,22.0,
C312,22.0,
C313,22.0,
C318,22.0,
C319,22.0,
C33,20.0,
C3400,20.0,
C3401,20.0,
C3402,20.0,
C3410,20.0,
C3411,20.0,
C3412,20.0,
C342,20.0,
C3430,20.0,
C3431,20.0,
C3432,20.0,
C3480,20.0,
C3481,20.0,
C3482,20.0,
C3490,20.0,
C3491,20.0,
C3492,20.0,
C37,22.0,
C380,20.0,
C381,22.0,
C382,22.0,
C383,22.0,
C384,20.0,
C388,22.0,
C390,22.0,
C399,22.0,
C4000,22.0,
C4001,22.0,
C4002,22.0,
C4010,22.0,
C4011,22.0,
C4012,22.0,
C4020,22.0,
C4021,22.0,
C4022,22.0,
C4030,22.0,
C4031,22.0,
C4032,22.0,
C4080,22.0,
C4081,22.0,
C4082,22.0,
C4090,22.0,
C4091,22.0,
C4092,22.0,
C410,22.0,
C411,22.0,
C412,22.0,
C413,22.0,
C414,22.0,
C419,22.0,
C430,22.0,
C4310,22.0,
C43111,22.0,
C43112,22.0,
C43121,22.0,
C43122,22.0,
C4320,22.0,
C4321,22.0,
C4322,22.0,
C4330,22.0,
C4331,22.0,
C4339,22.0,
C434,22.0,
C4351,22.0,
C4352,22.0,
C4359,22.0,
C4360,22.0,
C4361,22.0,
C4362,22.0,
C4370,22.0,
C4371,22.0,
C4372,22.0,
C438,22.0,
C439,22.0,
C450,22.0,
C451,22.0,
C452,22.0,
C457,22.0,
C459,22.0,
C460,20.0,
C461,20.0,
C462,20.0,
C463,20.0,
C464,20.0,
C4650,20.0,
C4651,20.0,
C4652,20.0,
C467,20.0,
C469,20.0,
C470,22.0,
C4710,22.0,
C4711,22.0,
C4712,22.0,
C4720,22.0,
C4721,22.0,
C4722,22.0,
C473,22.0,
C474,20.0,
C475,22.0,
C476,22.0,
C478,22.0,
C479,22.0,
C480,22.0,
C481,22.0,
C482,22.0,
C488,22.0,
C490,22.0,
C4910,22.0,
C4911,22.0,
C4912,22.0,
C4920,22.0,
C4921,22.0,
C4922,22.0,
C493,22.0,
C494,20.0,
C495,22.0,
C496,22.0,
C498,22.0,
C499,22.0,
C49A0,20.0,
C49A1,20.0,
C49A2,20.0,
C49A3,20.0,
C49A4,20.0,
C49A5,20.0,
C49A9,20.0,
C4A0,22.0,
C4A10,22.0,
C4A111,22.0,
C4A112,22.0,
C4A121,22.0,
C4A122,22.0,
C4A20,22.0,
C4A21,22.0,
C4A22,22.0,
C4A30,22.0,
C4A31,22.0,
C4A39,22.0,
C4A4,22.0,
C4A51,22.0,
C4A52,22.0,
C4A59,22.0,
C4A60,22.0,
C4A61,22.0,
C4A62,22.0,
C4A70,22.0,
C4A71,22.0,
C4A72,22.0,
C4A8,22.0,
C4A9,22.0,
C50011,22.0,
C50012,22.0,
C50019,22.0,
C50021,22.0,
C50022,22.0,
C50029,22.0,
C50111,22.0,
C50112,22.0,
C50119,22.0,
C50121,22.0,
C50122,22.0,
C50129,22.0,
C50211,22.0,
C50212,22.0,
C50219,22.0,
C50221,22.0,
C50222,22.0,
C50229,22.0,
C50311,22.0,
C50312,22.0,
C50319,22.0,
C50321,22.0,
C50322,22.0,
C50329,22.0,
C50411,22.0,
C50412,22.0,
C50419,22.0,
C50421,22.0,
C50422,22.0,
C50429,22.0,
C50511,22.0,
C50512,22.0,
C50519,22.0,
C50521,22.0,
C50522,22.0,
C50529,22.0,
C50611,22.0,
C50612,22.0,
C50619,22.0,
C50621,22.0,
C50622,22.0,
C50629,22.0,
C50811,22.0,
C50812,22.0,
C50819,22.0,
C50821,22.0,
C50822,22.0,
C50829,22.0,
C50911,22.0,
C50912,22.0,
C50919,22.0,
C50921,22.0,
C50922,22.0,
C50929,22.0,
C50A0,22.0,
C50A1,22.0,
C50A2,22.0,
C561,22.0,
C562,22.0,
C563,22.0,
C569,22.0,
C5700,22.0,
C5701,22.0,
C5702,22.0,
C5710,22.0,
C5711,22.0,
C5712,22.0,
C5720,22.0,
C5721,22.0,
C5722,22.0,
C573,22.0,
C574,22.0,
C58,22.0,9 <= age <= 64
C600,22.0,
C601,22.0,
C602,22.0,
C608,22.0,
C609,22.0,
C61,22.0,
C6200,22.0,
C6201,22.0,
C6202,22.0,
C6210,22.0,
C6211,22.0,
C6212,22.0,
C6290,22.0,
C6291,22.0,
C6292,22.0,
C6300,22.0,
C6301,22.0,
C6302,22.0,
C6310,22.0,
C6311,22.0,
C6312,22.0,
C632,22.0,
C637,22.0,
C638,22.0,
C639,22.0,
C641,20.0,
C642,20.0,
C649,20.0,
C651,20.0,
C652,20.0,
C659,20.0,
C661,22.0,
C662,22.0,
C669,22.0,
C670,22.0,
C671,22.0,
C672,22.0,
C673,22.0,
C674,22.0,
C675,22.0,
C676,22.0,
C677,22.0,
C678,22.0,
C679,22.0,
C680,22.0,
C681,22.0,
C688,22.0,
C689,22.0,
C6900,22.0,
C6901,22.0,
C6902,22.0,
C6910,22.0,
C6911,22.0,
C6912,22.0,
C6920,22.0,
C6921,22.0,
C6922,22.0,
C6930,22.0,
C6931,22.0,
C6932,22.0,
C6940,22.0,
C6941,22.0,
C6942,22.0,
C6950,22.0,
C6951,22.0,
C6952,22.0,
C6960,22.0,
C6961,22.0,
C6962,22.0,
C6980,22.0,
C6981,22.0,
C6982,22.0,
C6990,22.0,
C6991,22.0,
C6992,22.0,
C700,22.0,
C701,22.0,
C709,22.0,
C710,22.0,
C711,22.0,
C712,22.0,
C713,22.0,
C714,22.0,
C715,22.0,
C716,22.0,
C717,22.0,
C718,22.0,
C719,22.0,
C720,22.0,
C721,22.0,
C7220,22.0,
C7221,22.0,
C7222,22.0,
C7230,22.0,
C7231,22.0,
C7232,22.0,
C7240,22.0,
C7241,22.0,
C7242,22.0,
C7250,22.0,
C7259,22.0,
C729,22.0,
C73,22.0,
C7400,22.0,
C7401,22.0,
C7402,22.0,
C7410,22.0,
C7411,22.0,
C7412,22.0,
C7490,22.0,
C7491,22.0,
C7492,22.0,
C750,22.0,
C751,22.0,
C752,22.0,
C753,22.0,
C754,22.0,
C755,22.0,
C758,22.0,
C759,22.0,
C760,22.0,
C761,22.0,
C762,22.0,
C763,22.0,
C7640,22.0,
C7641,22.0,
C7642,22.0,
C7650,22.0,
C7651,22.0,
C7652,22.0,
C768,22.0,
C770,20.0,
C771,20.0,
C772,20.0,
C773,20.0,
C774,20.0,
C775,20.0,
C778,20.0,
C779,20.0,
C7800,18.0,
C7801,18.0,
C7802,18.0,
C781,18.0,
C782,18.0,
C7830,18.0,
C7839,18.0,
C784,20.0,
C785,20.0,
C786,20.0,
C787,18.0,
C7880,18.0,
C7889,18.0,
C7900,17.0,
C7901,17.0,
C7902,17.0,
C7910,18.0,
C7911,18.0,
C7919,18.0,
C792,18.0,
C7931,18.0,
C7932,18.0,
C7940,18.0,
C7949,18.0,
C7951,17.0,
C7952,17.0,
C7960,18.0,
C7961,18.0,
C7962,18.0,
C7963,18.0,
C7970,18.0,
C7971,18.0,
C7972,18.0,
C7981,18.0,
C7982,18.0,
C7989,18.0,
C799,18.0,
C7A00,22.0,
C7A010,22.0,
C7A011,22.0,
C7A012,22.0,
C7A019,22.0,
C7A020,22.0,
C7A021,22.0,
C7A022,22.0,
C7A023,22.0,
C7A024,22.0,
C7A025,22.0,
C7A026,22.0,
C7A029,22.0,
C7A090,22.0,
C7A091,22.0,
C7A092,22.0,
C7A093,22.0,
C7A094,22.0,
C7A095,22.0,
C7A096,22.0,
C7A098,22.0,
C7A1,22.0,
C7A8,22.0,
C7B00,18.0,
C7B01,20.0,
C7B02,18.0,
C7B03,17.0,
C7B04,20.0,
C7B09,18.0,
C7B1,18.0,
C7B8,18.0,
C800,20.0,
C802,22.0,
C8100,21.0,
C8101,21.0,
C8102,21.0,
C8103,21.0,
C8104,21.0,
C8105,21.0,
C8106,21.0,
C8107,21.0,
C8108,21.0,
C8109,21.0,
C810A,21.0,
C8110,21.0,
C8111,21.0,
C8112,21.0,
C8113,21.0,
C8114,21.0,
C8115,21.0,
C8116,21.0,
C8117,21.0,
C8118,21.0,
C8119,21.0,
C811A,21.0,
C8120,21.0,
C8121,21.0,
C8122,21.0,
C8123,21.0,
C8124,21.0,
C8125,21.0,
C8126,21.0,
C8127,21.0,
C8128,21.0,
C8129,21.0,
C812A,21.0,
C8130,21.0,
C8131,21.0,
C8132,21.0,
C8133,21.0,
C8134,21.0,
C8135,21.0,
C8136,21.0,
C8137,21.0,
C8138,21.0,
C8139,21.0,
C813A,21.0,
C8140,21.0,
C8141,21.0,
C8142,21.0,
C8143,21.0,
C8144,21.0,
C8145,21.0,
C8146,21.0,
C8147,21.0,
C8148,21.0,
C8149,21.0,
C814A,21.0,
C8170,21.0,
C8171,21.0,
C8172,21.0,
C8173,21.0,
C8174,21.0,
C8175,21.0,
C8176,21.0,
C8177,21.0,
C8178,21.0,
C8179,21.0,
C817A,21.0,
C8190,21.0,
C8191,21.0,
C8192,21.0,
C8193,21.0,
C8194,21.0,
C8195,21.0,
C8196,21.0,
C8197,21.0,
C8198,21.0,
C8199,21.0,
C819A,21.0,
C8200,21.0,
C8201,21.0,
C8202,21.0,
C8203,21.0,
C8204,21.0,
C8205,21.0,
C8206,21.0,
C8207,21.0,
C8208,21.0,
C8209,21.0,
C820A,21.0,
C8210,21.0,
C8211,21.0,
C8212,21.0,
C8213,21.0,
C8214,21.0,
C8215,21.0,
C8216,21.0,
C8217,21.0,
C8218,21.0,
C8219,21.0,
C821A,21.0,
C8220,21.0,
C8221,21.0,
C8222,21.0,
C8223,21.0,
C8224,21.0,
C8225,21.0,
C8226,21.0,
C8227,21.0,
C8228,21.0,
C8229,21.0,
C822A,21.0,
C8230,21.0,
C8231,21.0,
C8232,21.0,
C8233,21.0,
C8234,21.0,
C8235,21.0,
C8236,21.0,
C8237,21.0,
C8238,21.0,
C8239,21.0,
C823A,21.0,
C8240,21.0,
C8241,21.0,
C8242,21.0,
C8243,21.0,
C8244,21.0,
C8245,21.0,
C8246,21.0,
C8247,21.0,
C8248,21.0,
C8249,21.0,
C824A,21.0,
C8250,21.0,
C8251,21.0,
C8252,21.0,
C8253,21.0,
C8254,21.0,
C8255,21.0,
C8256,21.0,
C8257,21.0,
C8258,21.0,
C8259,21.0,
C825A,21.0,
C8260,21.0,
C8261,21.0,
C8262,21.0,
C8263,21.0,
C8264,21.0,
C8265,21.0,
C8266,21.0,
C8267,21.0,
C8268,21.0,
C8269,21.0,
C826A,21.0,
C8280,21.0,
C8281,21.0,
C8282,21.0,
C8283,21.0,
C8284,21.0,
C8285,21.0,
C8286,21.0,
C8287,21.0,
C8288,21.0,
C8289,21.0,
C828A,21.0,
C8290,21.0,
C8291,21.0,
C8292,21.0,
C8293,21.0,
C8294,21.0,
C8295,21.0,
C8296,21.0,
C8297,21.0,
C8298,21.0,
C8299,21.0,
C829A,21.0,
C8300,21.0,
C8301,21.0,
C8302,21.0,
C8303,21.0,
C8304,21.0,
C8305,21.0,
C8306,21.0,
C8307,21.0,
C8308,21.0,
C8309,21.0,
C830A,21.0,
C8310,19.0,
C8311,19.0,
C8312,19.0,
C8313,19.0,
C8314,19.0,
C8315,19.0,
C8316,19.0,
C8317,19.0,
C8318,19.0,
C8319,19.0,
C831A,19.0,
C8330,21.0,
C8331,21.0,
C8332,21.0,
C8333,21.0,
C8334,21.0,
C8335,21.0,
C8336,21.0,
C8337,21.0,
C8338,21.0,
C83390,21.0,
C83398,21.0,
C833A,21.0,
C8350,21.0,
C8351,21.0,
C8352,21.0,
C8353,21.0,
C8354,21.0,
C8355,21.0,
C8356,21.0,
C8357,21.0,
C8358,21.0,
C8359,21.0,
C835A,21.0,
C8370,21.0,
C8371,21.0,
C8372,21.0,
C8373,21.0,
C8374,21.0,
C8375,21.0,
C8376,21.0,
C8377,21.0,
C8378,21.0,
C8379,21.0,
C837A,21.0,
C8380,21.0,
C8381,21.0,
C8382,21.0,
C8383,21.0,
C8384,21.0,
C8385,21.0,
C8386,21.0,
C8387,21.0,
C8388,21.0,
C8389,21.0,
C838A,21.0,
C8390,21.0,
C8391,21.0,
C8392,21.0,
C8393,21.0,
C8394,21.0,
C8395,21.0,
C8396,21.0,
C8397,21.0,
C8398,21.0,
C8399,21.0,
C839A,21.0,
C8400,19.0,
C8401,19.0,
C8402,19.0,
C8403,19.0,
C8404,19.0,
C8405,19.0,
C8406,19.0,
C8407,19.0,
C8408,19.0,
C8409,19.0,
C840A,19.0,
C8410,19.0,
C8411,19.0,
C8412,19.0,
C8413,19.0,
C8414,19.0,
C8415,19.0,
C8416,19.0,
C8417,19.0,
C8418,19.0,
C8419,19.0,
C841A,19.0,
C8440,21.0,
C8441,21.0,
C8442,21.0,
C8443,21.0,
C8444,21.0,
C8445,21.0,
C8446,21.0,
C8447,21.0,
C8448,21.0,
C8449,21.0,
C844A,21.0,
C8460,21.0,
C8461,21.0,
C8462,21.0,
C8463,21.0,
C8464,21.0,
C8465,21.0,
C8466,21.0,
C8467,21.0,
C8468,21.0,
C8469,21.0,
C846A,21.0,
C8470,21.0,
C8471,21.0,
C8472,21.0,
C8473,21.0,
C8474,21.0,
C8475,21.0,
C8476,21.0,
C8477,21.0,
C8478,21.0,
C8479,21.0,
C847A,21.0,
C847B,21.0,
C8490,21.0,
C8491,21.0,
C8492,21.0,
C8493,21.0,
C8494,21.0,
C8495,21.0,
C8496,21.0,
C8497,21.0,
C8498,21.0,
C8499,21.0,
C849A,21.0,
C84A0,21.0,
C84A1,21.0,
C84A2,21.0,
C84A3,21.0,
C84A4,21.0,
C84A5,21.0,
C84A6,21.0,
C84A7,21.0,
C84A8,21.0,
C84A9,21.0,
C84AA,21.0,
C84Z0,21.0,
C84Z1,21.0,
C84Z2,21.0,
C84Z3,21.0,
C84Z4,21.0,
C84Z5,21.0,
C84Z6,21.0,
C84Z7,21.0,
C84Z8,21.0,
C84Z9,21.0,
C84ZA,21.0,
C8510,21.0,
C8511,21.0,
C8512,21.0,
C8513,21.0,
C8514,21.0,
C8515,21.0,
C8516,21.0,
C8517,21.0,
C8518,21.0,
C8519,21.0,
C851A,21.0,
C8520,21.0,
C8521,21.0,
C8522,21.0,
C8523,21.0,
C8524,21.0,
C8525,21.0,
C8526,21.0,
C8527,21.0,
C8528,21.0,
C8529,21.0,
C852A,21.0,
C8580,21.0,
C8581,21.0,
C8582,21.0,
C8583,21.0,
C8584,21.0,
C8585,21.0,
C8586,21.0,
C8587,21.0,
C8588,21.0,
C8589,21.0,
C858A,21.0,
C8590,21.0,
C8591,21.0,
C8592,21.0,
C8593,21.0,
C8594,21.0,
C8595,21.0,
C8596,21.0,
C8597,21.0,
C8598,21.0,
C8599,21.0,
C859A,21.0,
C8600,21.0,
C8601,21.0,
C8610,21.0,
C8611,21.0,
C8620,21.0,
C8621,21.0,
C8630,21.0,
C8631,21.0,
C8640,21.0,
C8641,21.0,
C8650,21.0,
C8651,21.0,
C8660,21.0,
C8661,21.0,
C8800,19.0,
C8801,19.0,
C8820,21.0,
C8821,21.0,
C8830,21.0,
C8831,21.0,
C8840,21.0,
C8841,21.0,
C8880,21.0,
C8881,21.0,
C8890,21.0,
C8891,21.0,
C9000,16.0,
C9001,16.0,
C9002,16.0,
C9010,16.0,
C9011,16.0,
C9012,16.0,
C9020,16.0,
C9021,16.0,
C9022,16.0,
C9030,16.0,
C9031,16.0,
C9032,16.0,
C9100,19.0,
C9101,19.0,
C9102,19.0,
C9110,19.0,
C9111,19.0,
C9112,19.0,
C9130,19.0,
C9131,19.0,
C9132,19.0,
C9140,21.0,
C9141,21.0,
C9142,21.0,
C9150,19.0,age >= 15
C9151,19.0,age >= 15
C9152,19.0,age >= 15
C9160,19.0,
C9161,19.0,
C9162,19.0,
C9190,19.0,
C9191,19.0,
C9192,19.0,
C91A0,19.0,
C91A1,19.0,
C91A2,19.0,
C91Z0,19.0,
C91Z1,19.0,
C91Z2,19.0,
C9200,19.0,
C9201,19.0,
C9202,19.0,
C9210,15.0,
C9211,15.0,
C9212,15.0,
C9220,19.0,
C9221,19.0,
C9222,19.0,
C9230,19.0,
C9231,19.0,
C9232,19.0,
C9240,21.0,
C9241,21.0,
C9242,21.0,
C9250,19.0,
C9251,19.0,
C9252,19.0,
C9260,19.0,
C9261,19.0,
C9262,19.0,
C9290,19.0,
C9291,19.0,
C9292,19.0,
C92A0,19.0,
C92A1,19.0,
C92A2,19.0,
C92Z0,19.0,
C92Z1,19.0,
C92Z2,19.0,
C9300,19.0,
C9301,19.0,
C9302,19.0,
C9310,19.0,
C9311,19.0,
C9312,19.0,
C9330,19.0,0 <= age <= 17
C9331,19.0,0 <= age <= 17
C9332,19.0,0 <= age <= 17
C9390,19.0,
C9391,19.0,
C9392,19.0,
C93Z0,19.0,
C93Z1,19.0,
C93Z2,19.0,
C9400,19.0,
C9401,19.0,
C9402,19.0,
C9420,19.0,
C9421,19.0,
C9422,19.0,
C9430,19.0,
C9431,19.0,
C9432,19.0,
C9440,19.0,
C9441,19.0,
C9442,19.0,
C946,21.0,
C9480,19.0,
C9481,19.0,
C9482,19.0,
C9500,19.0,
C9501,19.0,
C9502,19.0,
C9510,19.0,
C9511,19.0,
C9512,19.0,
C9590,19.0,
C9591,19.0,
C9592,19.0,
C960,21.0,
C9620,21.0,
C9621,21.0,
C9622,21.0,
C9629,21.0,
C964,21.0,
C965,21.0,
C966,21.0,
C969,21.0,
C96A,21.0,
C96Z,21.0,
D030,22.0,
D0310,22.0,
D03111,22.0,
D03112,22.0,
D03121,22.0,
D03122,22.0,
D0320,22.0,
D0321,22.0,
D0322,22.0,
D0330,22.0,
D0339,22.0,
D034,22.0,
D0351,22.0,
D0352,22.0,
D0359,22.0,
D0360,22.0,
D0361,22.0,
D0362,22.0,
D0370,22.0,
D0371,22.0,
D0372,22.0,
D038,22.0,
D039,22.0,
D1802,22.0,
D320,22.0,
D321,22.0,
D329,22.0,
D330,22.0,
D331,22.0,
D332,22.0,
D333,22.0,
D334,22.0,
D337,22.0,
D339,22.0,
D352,22.0,
D353,22.0,
D354,22.0,
D3A00,22.0,
D3A010,22.0,
D3A011,22.0,
D3A012,22.0,
D3A019,22.0,
D3A020,22.0,
D3A021,22.0,
D3A022,22.0,
D3A023,22.0,
D3A024,22.0,
D3A025,22.0,
D3A026,22.0,
D3A029,22.0,
D3A090,22.0,
D3A091,22.0,
D3A092,22.0,
D3A093,22.0,
D3A094,22.0,
D3A095,22.0,
D3A096,22.0,
D3A098,22.0,
D3A8,22.0,
D420,22.0,
D421,22.0,
D429,22.0,
D430,22.0,
D431,22.0,
D432,22.0,
D433,22.0,
D434,22.0,
D438,22.0,
D439,22.0,
D443,22.0,
D444,22.0,
D445,22.0,
D446,22.0,
D447,22.0,
D45,21.0,
D460,19.0,
D461,19.0,
D4620,19.0,
D4621,19.0,
D4622,19.0,
D464,19.0,
D469,19.0,
D46A,19.0,
D46B,19.0,
D46C,16.0,
D46Z,19.0,
D4701,21.0,
D4702,21.0,
D4709,21.0,
D471,21.0,
D473,21.0,
D474,16.0,
D479,21.0,
D47Z2,21.0,
D47Z9,21.0,
D496,22.0,
D5700,95.0,
D5701,95.0,
D5702,95.0,
D5703,95.0,
D5704,95.0,
D5709,95.0,
D571,95.0,
D5742,95.0,
D57431,95.0,
D57432,95.0,
D57433,95.0,
D57434,95.0,
D57438,95.0,
D57439,95.0,
D590,96.0,
D5910,96.0,
D5911,96.0,
D5912,96.0,
D5913,96.0,
D5919,96.0,
D592,96.0,
D5930,96.0,
D5931,96.0,
D5932,96.0,
D5939,96.0,
D594,96.0,
D595,96.0,
D596,96.0,
D598,96.0,
D599,96.0,
D600,96.0,
D601,96.0,
D608,96.0,
D609,96.0,
D6101,96.0,
D6102,96.0,
D6103,96.0,
D6109,96.0,
D611,96.0,
D612,96.0,
D613,96.0,
D6182,96.0,
D6189,96.0,
D619,96.0,
D640,96.0,
D641,96.0,
D642,96.0,
D643,96.0,
D693,100.0,
D7581,16.0,
D800,99.0,
D801,99.0,
D802,99.0,
D803,99.0,
D804,99.0,
D805,99.0,
D806,99.0,
D807,99.0,
D808,99.0,
D809,99.0,
D810,99.0,
D811,99.0,
D812,99.0,
D8130,99.0,
D8131,99.0,
D8132,99.0,
D8139,99.0,
D814,99.0,
D815,99.0,
D816,99.0,
D817,99.0,
D8182,99.0,
D8189,99.0,
D819,99.0,
D820,99.0,
D821,99.0,
D822,99.0,
D823,99.0,
D824,99.0,
D828,99.0,
D829,99.0,
D830,99.0,
D831,99.0,
D832,99.0,
D838,99.0,
D839,99.0,
D840,99.0,
D841,98.0,
D8481,99.0,
D84821,99.0,
D84822,99.0,
D8489,99.0,
D849,99.0,
D860,227.0,
D862,227.0,
D8682,158.0,
D890,99.0,
D891,99.0,
D893,99.0,
D8940,99.0,
D8941,99.0,
D8942,99.0,
D8943,99.0,
D8944,99.0,
D8949,99.0,
D89810,395.0,
D89811,395.0,
D89812,395.0,
D89813,395.0,
D8984,99.0,
D8989,99.0,
D899,99.0,
E000,44.0,
E001,44.0,
E002,44.0,
E009,44.0,
E010,44.0,
E011,44.0,
E012,44.0,
E018,44.0,
E02,44.0,
E030,44.0,
E031,44.0,
E032,44.0,
E033,44.0,
E034,44.0,
E035,44.0,
E038,44.0,
E039,44.0,
E040,44.0,
E041,44.0,
E042,44.0,
E048,44.0,
E049,44.0,
E0500,44.0,
E0501,44.0,
E0510,44.0,
E0511,44.0,
E0520,44.0,
E0521,44.0,
E0530,44.0,
E0531,44.0,
E0540,44.0,
E0541,44.0,
E0580,44.0,
E0581,44.0,
E0590,44.0,
E0591,44.0,
E060,44.0,
E061,44.0,
E062,44.0,
E063,44.0,
E064,44.0,
E065,44.0,
E069,44.0,
E070,44.0,
E071,44.0,
E0789,44.0,
E079,44.0,
E0800,30.0,
E0801,30.0,
E0810,30.0,
E0811,30.0,
E0821,30.0,
E0822,30.0,
E0829,30.0,
E08311,30.0,
E08319,30.0,
E083211,30.0,
E083212,30.0,
E083213,30.0,
E083219,30.0,
E083291,30.0,
E083292,30.0,
E083293,30.0,
E083299,30.0,
E083311,30.0,
E083312,30.0,
E083313,30.0,
E083319,30.0,
E083391,30.0,
E083392,30.0,
E083393,30.0,
E083399,30.0,
E083411,30.0,
E083412,30.0,
E083413,30.0,
E083419,30.0,
E083491,30.0,
E083492,30.0,
E083493,30.0,
E083499,30.0,
E083511,30.0,
E083512,30.0,
E083513,30.0,
E083519,30.0,
E083521,30.0,
E083522,30.0,
E083523,30.0,
E083529,30.0,
E083531,30.0,
E083532,30.0,
E083533,30.0,
E083539,30.0,
E083541,30.0,
E083542,30.0,
E083543,30.0,
E083549,30.0,
E083551,30.0,
E083552,30.0,
E083553,30.0,
E083559,30.0,
E083591,30.0,
E083592,30.0,
E083593,30.0,
E083599,30.0,
E0836,30.0,
E0837X1,30.0,
E0837X2,30.0,
E0837X3,30.0,
E0837X9,30.0,
E0839,30.0,
E0840,30.0,
E0841,30.0,
E0842,30.0,
E0843,30.0,
E0844,30.0,
E0849,30.0,
E0851,30.0,
E0852,30.0,
E0859,30.0,
E08610,30.0,
E08618,30.0,
E08620,30.0,
E08621,30.0,
E08621,311.0,
E08622,30.0,
E08622,311.0,
E08628,30.0,
E08630,30.0,
E08638,30.0,
E08641,30.0,
E08649,30.0,
E0865,30.0,
E0869,30.0,
E088,30.0,
E089,31.0,
E0900,30.0,
E0901,30.0,
E0910,30.0,
E0911,30.0,
E0921,30.0,
E0922,30.0,
E0929,30.0,
E09311,30.0,
E09319,30.0,
E093211,30.0,
E093212,30.0,
E093213,30.0,
E093219,30.0,
E093291,30.0,
E093292,30.0,
E093293,30.0,
E093299,30.0,
E093311,30.0,
E093312,30.0,
E093313,30.0,
E093319,30.0,
E093391,30.0,
E093392,30.0,
E093393,30.0,
E093399,30.0,
E093411,30.0,
E093412,30.0,
E093413,30.0,
E093419,30.0,
E093491,30.0,
E093492,30.0,
E093493,30.0,
E093499,30.0,
E093511,30.0,
E093512,30.0,
E093513,30.0,
E093519,30.0,
E093521,30.0,
E093522,30.0,
E093523,30.0,
E093529,30.0,
E093531,30.0,
E093532,30.0,
E093533,30.0,
E093539,30.0,
E093541,30.0,
E093542,30.0,
E093543,30.0,
E093549,30.0,
E093551,30.0,
E093552,30.0,
E093553,30.0,
E093559,30.0,
E093591,30.0,
E093592,30.0,
E093593,30.0,
E093599,30.0,
E0936,30.0,
E0937X1,30.0,
E0937X2,30.0,
E0937X3,30.0,
E0937X9,30.0,
E0939,30.0,
E0940,30.0,
E0941,30.0,
E0942,30.0,
E0943,30.0,
E0944,30.0,
E0949,30.0,
E0951,30.0,
E0952,30.0,
E0959,30.0,
E09610,30.0,
E09618,30.0,
E09620,30.0,
E09621,30.0,
E09621,311.0,
E09622,30.0,
E09622,311.0,
E09628,30.0,
E09630,30.0,
E09638,30.0,
E09641,30.0,
E09649,30.0,
E0965,30.0,
E0969,30.0,
E098,30.0,
E099,31.0,
E1010,30.0,
E1011,30.0,
E1021,30.0,
E1022,30.0,
E1029,30.0,
E10311,30.0,
E10319,30.0,
E103211,30.0,
E103212,30.0,
E103213,30.0,
E103219,30.0,
E103291,30.0,
E103292,30.0,
E103293,30.0,
E103299,30.0,
E103311,30.0,
E103312,30.0,
E103313,30.0,
E103319,30.0,
E103391,30.0,
E103392,30.0,
E103393,30.0,
E103399,30.0,
E103411,30.0,
E103412,30.0,
E103413,30.0,
E103419,30.0,
E103491,30.0,
E103492,30.0,
E103493,30.0,
E103499,30.0,
E103511,30.0,
E103512,30.0,
E103513,30.0,
E103519,30.0,
E103521,30.0,
E103522,30.0,
E103523,30.0,
E103529,30.0,
E103531,30.0,
E103532,30.0,
E103533,30.0,
E103539,30.0,
E103541,30.0,
E103542,30.0,
E103543,30.0,
E103549,30.0,
E103551,30.0,
E103552,30.0,
E103553,30.0,
E103559,30.0,
E103591,30.0,
E103592,30.0,
E103593,30.0,
E103599,30.0,
E1036,30.0,
E1037X1,30.0,
E1037X2,30.0,
E1037X3,30.0,
E1037X9,30.0,
E1039,30.0,
E1040,30.0,
E1041,30.0,
E1042,30.0,
E1043,30.0,
E1044,30.0,
E1049,30.0,
E1051,30.0,
E1052,30.0,
E1059,30.0,
E10610,30.0,
E10618,30.0,
E10620,30.0,
E10621,30.0,
E10621,311.0,
E10622,30.0,
E10622,311.0,
E10628,30.0,
E10630,30.0,
E10638,30.0,
E10641,30.0,
E10649,30.0,
E1065,30.0,
E1069,30.0,
E108,30.0,
E109,31.0,
E1100,30.0,
E1101,30.0,
E1110,30.0,
E1111,30.0,
E1121,30.0,
E1122,30.0,
E1129,30.0,
E11311,30.0,
E11319,30.0,
E113211,30.0,
E113212,30.0,
E113213,30.0,
E113219,30.0,
E113291,30.0,
E113292,30.0,
E113293,30.0,
E113299,30.0,
E113311,30.0,
E113312,30.0,
E113313,30.0,
E113319,30.0,
E113391,30.0,
E113392,30.0,
E113393,30.0,
E113399,30.0,
E113411,30.0,
E113412,30.0,
E113413,30.0,
E113419,30.0,
E113491,30.0,
E113492,30.0,
E113493,30.0,
E113499,30.0,
E113511,30.0,
E113512,30.0,
E113513,30.0,
E113519,30.0,
E113521,30.0,
E113522,30.0,
E113523,30.0,
E113529,30.0,
E113531,30.0,
E113532,30.0,
E113533,30.0,
E113539,30.0,
E113541,30.0,
E113542,30.0,
E113543,30.0,
E113549,30.0,
E113551,30.0,
E113552,30.0,
E113553,30.0,
E113559,30.0,
E113591,30.0,
E113592,30.0,
E113593,30.0,
E113599,30.0,
E1136,30.0,
E1137X1,30.0,
E1137X2,30.0,
E1137X3,30.0,
E1137X9,30.0,
E1139,30.0,
E1140,30.0,
E1141,30.0,
E1142,30.0,
E1143,30.0,
E1144,30.0,
E1149,30.0,
E1151,30.0,
E1152,30.0,
E1159,30.0,
E11610,30.0,
E11618,30.0,
E11620,30.0,
E11621,30.0,
E11621,311.0,
E11622,30.0,
E11622,311.0,
E11628,30.0,
E11630,30.0,
E11638,30.0,
E11641,30.0,
E11649,30.0,
E1165,30.0,
E1169,30.0,
E118,30.0,
E119,31.0,
E1300,30.0,
E1301,30.0,
E1310,30.0,
E1311,30.0,
E1321,30.0,
E1322,30.0,
E1329,30.0,
E13311,30.0,
E13319,30.0,
E133211,30.0,
E133212,30.0,
E133213,30.0,
E133219,30.0,
E133291,30.0,
E133292,30.0,
E133293,30.0,
E133299,30.0,
E133311,30.0,
E133312,30.0,
E133313,30.0,
E133319,30.0,
E133391,30.0,
E133392,30.0,
E133393,30.0,
E133399,30.0,
E133411,30.0,
E133412,30.0,
E133413,30.0,
E133419,30.0,
E133491,30.0,
E133492,30.0,
E133493,30.0,
E133499,30.0,
E133511,30.0,
E133512,30.0,
E133513,30.0,
E133519,30.0,
E133521,30.0,
E133522,30.0,
E133523,30.0,
E133529,30.0,
E133531,30.0,
E133532,30.0,
E133533,30.0,
E133539,30.0,
E133541,30.0,
E133542,30.0,
E133543,30.0,
E133549,30.0,
E133551,30.0,
E133552,30.0,
E133553,30.0,
E133559,30.0,
E133591,30.0,
E133592,30.0,
E133593,30.0,
E133599,30.0,
E1336,30.0,
E1337X1,30.0,
E1337X2,30.0,
E1337X3,30.0,
E1337X9,30.0,
E1339,30.0,
E1340,30.0,
E1341,30.0,
E1342,30.0,
E1343,30.0,
E1344,30.0,
E1349,30.0,
E1351,30.0,
E1352,30.0,
E1359,30.0,
E13610,30.0,
E13618,30.0,
E13620,30.0,
E13621,30.0,
E13621,311.0,
E13622,30.0,
E13622,311.0,
E13628,30.0,
E13630,30.0,
E13638,30.0,
E13641,30.0,
E13649,30.0,
E1365,30.0,
E1369,30.0,
E138,30.0,
E139,31.0,
E163,66.0,
E164,66.0,
E168,66.0,
E169,66.0,
E200,43.0,
E20810,43.0,
E20811,43.0,
E20812,43.0,
E20818,43.0,
E20819,43.0,
E2089,43.0,
E209,43.0,
E210,43.0,
E211,43.0,
E212,43.0,
E213,43.0,
E214,43.0,
E215,43.0,
E220,42.0,
E221,43.0,
E222,43.0,
E228,43.0,
E229,43.0,
E230,43.0,
E231,43.0,
E232,43.0,
E233,43.0,
E236,43.0,
E237,43.0,
E240,42.0,
E241,43.0,
E242,43.0,
E243,43.0,
E244,43.0,
E248,43.0,
E249,43.0,
E250,43.0,
E258,43.0,
E259,43.0,
E2601,43.0,
E2602,43.0,
E2609,43.0,
E261,43.0,
E2681,43.0,
E2689,43.0,
E269,43.0,
E270,43.0,
E271,43.0,
E272,43.0,
E273,43.0,
E2740,43.0,
E2749,43.0,
E275,43.0,
E278,43.0,
E279,43.0,
E310,43.0,
E311,43.0,
E3120,43.0,
E3121,43.0,
E3122,43.0,
E3123,43.0,
E318,43.0,
E319,43.0,
E320,43.0,
E321,43.0,
E328,43.0,
E329,43.0,
E3400,22.0,
E3401,22.0,
E3409,22.0,
E344,43.0,
E550,87.0,
E700,42.0,
E701,42.0,
E7020,43.0,
E7021,43.0,
E7029,43.0,
E7030,43.0,
E70310,43.0,
E70311,43.0,
E70318,43.0,
E70319,43.0,
E70320,43.0,
E70321,43.0,
E70328,43.0,
E70329,43.0,
E70330,43.0,
E70331,43.0,
E70338,43.0,
E70339,43.0,
E7039,43.0,
E7040,43.0,
E7041,43.0,
E7049,43.0,
E705,43.0,
E7081,43.0,
E7089,43.0,
E709,43.0,
E710,43.0,
E71110,43.0,
E71111,43.0,
E71118,43.0,
E71120,43.0,
E71121,43.0,
E71128,43.0,
E7119,43.0,
E712,43.0,
E7130,47.0,
E71310,43.0,
E71311,43.0,
E71312,43.0,
E71313,43.0,
E71314,43.0,
E71318,43.0,
E7132,43.0,
E7139,43.0,
E7140,43.0,
E7141,43.0,
E7142,43.0,
E7143,43.0,
E71440,43.0,
E71448,43.0,
E7150,43.0,
E71510,43.0,
E71511,43.0,
E71518,43.0,
E71520,43.0,
E71521,43.0,
E71522,43.0,
E71528,43.0,
E71529,43.0,
E7153,43.0,
E71540,43.0,
E71541,43.0,
E71542,43.0,
E71548,43.0,
E7200,43.0,
E7201,42.0,
E7202,43.0,
E7203,43.0,
E7204,41.0,
E7209,43.0,
E7210,43.0,
E7211,43.0,
E7212,43.0,
E7219,43.0,
E7220,43.0,
E7221,43.0,
E7222,43.0,
E7223,43.0,
E7229,43.0,
E723,43.0,
E724,43.0,
E7250,43.0,
E7251,43.0,
E7252,43.0,
E7253,43.0,
E72530,43.0,
E72538,43.0,
E72539,43.0,
E7259,43.0,
E7281,43.0,
E7289,43.0,
E729,43.0,
E7400,43.0,
E7401,43.0,
E7402,41.0,
E7403,43.0,
E7404,43.0,
E7405,43.0,
E7409,43.0,
E7420,43.0,
E7421,43.0,
E7429,43.0,
E7431,42.0,
E744,43.0,
E74810,43.0,
E74818,43.0,
E74819,43.0,
E74820,43.0,
E74829,43.0,
E7489,43.0,
E749,43.0,
E7500,41.0,
E7501,41.0,
E7502,41.0,
E7509,41.0,
E7510,41.0,
E7511,41.0,
E7519,41.0,
E7521,41.0,
E7522,41.0,
E7523,41.0,
E75240,41.0,
E75241,41.0,
E75242,41.0,
E75243,41.0,
E75244,41.0,
E75248,41.0,
E75249,41.0,
E7525,41.0,
E7526,41.0,
E7527,41.0,
E7528,41.0,
E7529,41.0,
E753,41.0,
E754,41.0,
E755,43.0,
E756,43.0,
E7601,41.0,
E7602,41.0,
E7603,41.0,
E761,41.0,
E76210,41.0,
E76211,41.0,
E76219,41.0,
E7622,41.0,
E7629,41.0,
E763,41.0,
E768,43.0,
E769,43.0,
E770,41.0,
E771,41.0,
E778,43.0,
E779,43.0,
E7800,47.0,
E7801,47.0,
E78010,47.0,
E78011,47.0,
E78019,47.0,
E781,47.0,
E782,47.0,
E783,47.0,
E7841,47.0,
E7849,47.0,
E785,47.0,
E786,47.0,
E7870,47.0,
E7879,47.0,
E7881,47.0,
E7889,47.0,
E789,47.0,
E791,43.0,
E792,43.0,
E7981,43.0,
E7982,43.0,
E7989,43.0,
E799,43.0,
E800,43.0,
E801,43.0,
E8020,43.0,
E8021,43.0,
E8029,43.0,
E803,43.0,
E8300,42.0,
E8301,42.0,
E8309,42.0,
E8310,43.0,
E83110,43.0,
E83118,43.0,
E83119,43.0,
E8319,43.0,
E8330,43.0,
E8331,42.0,
E8332,43.0,
E8339,43.0,
E83820,43.0,
E83821,43.0,
E83822,43.0,
E83823,43.0,
E83824,43.0,
E83825,43.0,
E840,225.0,
E8411,225.0,age = 0
E8419,225.0,
E848,225.0,
E849,225.0,
E8801,40.0,
E882,47.0,
E8840,43.0,
E8841,43.0,
E8842,43.0,
E8843,43.0,
E8849,43.0,
E8889,43.0,
E890,44.0,
E892,43.0,
E893,43.0,
E896,43.0,
F0150,112.0,age >= 15
F01511,112.0,age >= 15
F01518,112.0,age >= 15
F0152,112.0,age >= 15
F0153,112.0,age >= 15
F0154,112.0,age >= 15
F01A0,112.0,age >= 15
F01A11,112.0,age >= 15
F01A18,112.0,age >= 15
F01A2,112.0,age >= 15
F01A3,112.0,age >= 15
F01A4,112.0,age >= 15
F01B0,112.0,age >= 15
F01B11,112.0,age >= 15
F01B18,112.0,age >= 15
F01B2,112.0,age >= 15
F01B3,112.0,age >= 15
F01B4,112.0,age >= 15
F01C0,112.0,age >= 15
F01C11,112.0,age >= 15
F01C18,112.0,age >= 15
F01C2,112.0,age >= 15
F01C3,112.0,age >= 15
F01C4,112.0,age >= 15
F0280,112.0,
F02811,112.0,
F02818,112.0,
F0282,112.0,
F0283,112.0,
F0284,112.0,
F02A0,112.0,
F02A11,112.0,
F02A18,112.0,
F02A2,112.0,
F02A3,112.0,
F02A4,112.0,
F02B0,112.0,
F02B11,112.0,
F02B18,112.0,
F02B2,112.0,
F02B3,112.0,
F02B4,112.0,
F02C0,112.0,
F02C11,112.0,
F02C18,112.0,
F02C2,112.0,
F02C3,112.0,
F02C4,112.0,
F0390,112.0,age >= 15
F03911,112.0,age >= 15
F03918,112.0,age >= 15
F0392,112.0,age >= 15
F0393,112.0,age >= 15
F0394,112.0,age >= 15
F03A0,112.0,age >= 15
F03A11,112.0,age >= 15
F03A18,112.0,age >= 15
F03A2,112.0,age >= 15
F03A3,112.0,age >= 15
F03A4,112.0,age >= 15
F03B0,112.0,age >= 15
F03B11,112.0,age >= 15
F03B18,112.0,age >= 15
F03B2,112.0,age >= 15
F03B3,112.0,age >= 15
F03B4,112.0,age >= 15
F03C0,112.0,age >= 15
F03C11,112.0,age >= 15
F03C18,112.0,age >= 15
F03C2,112.0,age >= 15
F03C3,112.0,age >= 15
F03C4,112.0,age >= 15
F04,112.0,
F200,130.0,
F201,130.0,
F202,130.0,
F203,130.0,
F205,130.0,
F2081,130.0,
F2089,130.0,
F209,130.0,
F21,133.0,
F22,133.0,
F23,130.0,
F24,133.0,
F250,130.0,
F251,130.0,
F258,130.0,
F259,130.0,
F28,130.0,
F29,130.0,
F3010,131.0,
F3011,131.0,
F3012,131.0,
F3013,131.0,
F302,131.0,
F303,131.0,
F304,131.0,
F308,131.0,
F309,131.0,
F310,131.0,
F3110,131.0,
F3111,131.0,
F3112,131.0,
F3113,131.0,
F312,131.0,
F3130,131.0,
F3131,131.0,
F3132,131.0,
F314,131.0,
F315,131.0,
F3160,131.0,
F3161,131.0,
F3162,131.0,
F3163,131.0,
F3164,131.0,
F3170,131.0,
F3171,131.0,
F3172,131.0,
F3173,131.0,
F3174,131.0,
F3175,131.0,
F3176,131.0,
F3177,131.0,
F3178,131.0,
F3181,131.0,
F3189,131.0,
F319,131.0,
F320,132.0,
F321,132.0,
F322,132.0,
F323,132.0,
F324,132.0,
F325,132.0,
F3281,132.0,
F3289,132.0,
F329,132.0,
F32A,132.0,
F330,132.0,
F331,132.0,
F332,132.0,
F333,132.0,
F3340,132.0,
F3341,132.0,
F3342,132.0,
F338,132.0,
F339,132.0,
F340,132.0,
F341,132.0,
F3481,133.0,
F3489,132.0,
F349,132.0,
F39,132.0,
F4000,133.0,
F4001,133.0,
F4002,133.0,
F4010,133.0,
F4011,133.0,
F40210,133.0,
F40218,133.0,
F40220,133.0,
F40228,133.0,
F40230,133.0,
F40231,133.0,
F40232,133.0,
F40233,133.0,
F40240,133.0,
F40241,133.0,
F40242,133.0,
F40243,133.0,
F40248,133.0,
F40290,133.0,
F40291,133.0,
F40298,133.0,
F408,133.0,
F409,133.0,
F410,133.0,
F411,133.0,
F422,133.0,
F423,133.0,
F424,133.0,
F428,133.0,
F429,133.0,
F4310,133.0,
F4311,133.0,
F4312,133.0,
F4320,133.0,
F4321,133.0,
F4322,133.0,
F4323,133.0,
F4324,133.0,
F4325,133.0,
F4329,133.0,
F440,133.0,
F441,133.0,
F442,133.0,
F444,133.0,
F445,133.0,
F446,133.0,
F447,133.0,
F4481,133.0,
F4489,133.0,
F449,133.0,
F450,133.0,
F451,133.0,
F4520,133.0,
F4521,133.0,
F4522,133.0,
F4529,133.0,
F458,133.0,
F459,133.0,
F481,133.0,
F5000,133.0,
F50010,133.0,
F50011,133.0,
F50012,133.0,
F50013,133.0,
F50014,133.0,
F50019,133.0,
F50020,133.0,
F50021,133.0,
F50022,133.0,
F50023,133.0,
F50024,133.0,
F50029,133.0,
F5020,133.0,
F5021,133.0,
F5022,133.0,
F5023,133.0,
F5024,133.0,
F5025,133.0,
F50810,133.0,
F50811,133.0,
F50812,133.0,
F50813,133.0,
F50814,133.0,
F50819,133.0,
F5082,133.0,
F5083,133.0,age >= 15
F5084,133.0,age >= 15
F5089,133.0,
F509,133.0,
F530,132.0,9 <= age <= 64
F531,132.0,9 <= age <= 64
F600,133.0,
F601,133.0,
F602,133.0,
F603,133.0,
F604,133.0,
F605,133.0,
F606,133.0,
F607,133.0,
F6081,133.0,
F6089,133.0,
F609,133.0,
F630,133.0,
F631,133.0,
F632,133.0,
F633,133.0,
F6381,133.0,
F6389,133.0,
F639,133.0,
F6810,133.0,
F6811,133.0,
F6812,133.0,
F6813,133.0,
F68A,133.0,
F70,148.0,
F71,147.0,
F72,146.0,
F73,146.0,
F78A1,147.0,
F78A9,148.0,
F79,148.0,
F840,133.0,
F842,133.0,
F843,133.0,0 <= age <= 17
F845,133.0,
F848,133.0,
F849,133.0,
F900,133.0,
F901,133.0,
F902,133.0,
F908,133.0,
F909,133.0,
F910,133.0,
F911,133.0,
F912,133.0,
F913,133.0,
F918,133.0,
F919,133.0,
F930,133.0,
F950,133.0,
F951,133.0,
F952,133.0,
F958,133.0,
F959,133.0,
F9821,133.0,
F9829,133.0,
F983,133.0,
F984,133.0,
G041,155.0,
G0482,155.0,
G0489,155.0,
G0491,155.0,
G054,155.0,
G10,160.0,
G120,155.0,
G121,155.0,
G1220,154.0,
G1221,154.0,age >= 15
G1222,154.0,
G1223,154.0,
G1224,154.0,
G1225,154.0,
G1229,154.0,
G128,155.0,
G129,155.0,
G130,158.0,
G131,158.0,
G132,112.0,
G138,112.0,
G20A1,161.0,
G20A2,161.0,
G20B1,161.0,
G20B2,161.0,
G20C,161.0,
G2111,161.0,
G2119,161.0,
G212,161.0,
G213,161.0,
G214,161.0,
G218,161.0,
G219,161.0,
G230,161.0,
G231,161.0,
G232,161.0,
G233,161.0,
G238,161.0,
G239,161.0,
G300,111.0,
G301,111.0,age >= 15
G308,111.0,
G309,111.0,
G3101,112.0,
G3109,112.0,
G311,112.0,
G312,112.0,
G3181,112.0,
G3182,112.0,
G3183,112.0,
G3185,112.0,
G3186,112.0,
G3187,112.0,
G3189,112.0,
G319,112.0,
G320,155.0,
G35,159.0,
G35A,159.0,
G35B0,159.0,
G35B1,159.0,
G35B2,159.0,
G35C0,159.0,
G35C1,159.0,
G35C2,159.0,
G35D,159.0,
G360,159.0,
G370,159.0,
G373,155.0,
G374,155.0,
G375,159.0,
G40001,164.0,
G40009,164.0,
G40011,163.0,
G40019,163.0,
G40101,164.0,
G40109,164.0,
G40111,163.0,
G40119,163.0,
G40201,164.0,
G40209,164.0,
G40211,163.0,
G40219,163.0,
G40301,164.0,
G40309,164.0,
G40311,163.0,
G40319,163.0,
G40401,164.0,
G40409,164.0,
G40411,163.0,
G40419,163.0,
G4042,163.0,
G40501,164.0,
G40509,164.0,
G40801,164.0,
G40802,164.0,
G40803,163.0,
G40804,163.0,
G40811,164.0,
G40812,164.0,
G40813,163.0,
G40814,163.0,
G40821,164.0,
G40822,164.0,
G40823,163.0,
G40824,163.0,
G40833,163.0,
G40834,163.0,
G40841,164.0,
G40842,164.0,
G40843,163.0,
G40844,163.0,
G4089,164.0,
G40901,164.0,
G40909,164.0,
G40911,163.0,
G40919,163.0,
G40A01,164.0,
G40A09,164.0,
G40A11,163.0,
G40A19,163.0,
G40B01,164.0,
G40B09,164.0,
G40B11,163.0,
G40B19,163.0,
G40C01,164.0,
G40C09,164.0,
G40C11,163.0,
G40C19,163.0,
G43001,166.0,
G43009,166.0,
G43011,166.0,
G43019,166.0,
G43101,166.0,
G43109,166.0,
G43111,166.0,
G43119,166.0,
G43401,166.0,
G43409,166.0,
G43411,166.0,
G43419,166.0,
G43501,166.0,
G43509,166.0,
G43511,166.0,
G43519,166.0,
G43601,166.0,
G43609,166.0,
G43611,166.0,
G43619,166.0,
G43701,166.0,
G43709,166.0,
G43711,166.0,
G43719,166.0,
G43801,166.0,
G43809,166.0,
G43811,166.0,
G43819,166.0,
G43821,166.0,
G43829,166.0,
G43831,166.0,
G43839,166.0,
G43901,166.0,
G43909,166.0,
G43911,166.0,
G43919,166.0,
G43A0,166.0,
G43A1,166.0,
G43B0,166.0,
G43B1,166.0,
G43C0,166.0,
G43C1,166.0,
G43D0,166.0,
G43D1,166.0,
G43E01,166.0,
G43E09,166.0,
G43E11,166.0,
G43E19,166.0,
G47411,355.0,
G47419,355.0,
G47421,355.0,
G47429,355.0,
G500,168.0,
G501,168.0,
G508,168.0,
G509,168.0,
G610,158.0,
G611,158.0,
G6181,157.0,
G6182,157.0,
G6189,158.0,
G619,158.0,
G620,158.0,
G621,158.0,
G622,158.0,
G6281,158.0,
G6282,158.0,
G63,158.0,
G650,158.0,
G651,158.0,
G652,158.0,
G7000,153.0,
G7001,153.0,
G701,153.0,
G702,153.0,
G7080,153.0,
G7081,153.0,
G7089,153.0,
G709,153.0,
G731,153.0,
G733,153.0,
G8110,207.0,
G8111,207.0,
G8112,207.0,
G8113,207.0,
G8114,207.0,
G834,155.0,
G901,155.0,
G903,161.0,
G9345,164.0,
G937,112.0,0 <= age <= 17
G950,155.0,
G9511,155.0,
G9519,155.0,
G9520,155.0,
G9529,155.0,
G9581,155.0,
G9589,155.0,
G959,155.0,
G992,155.0,
H01121,317.0,
H01122,317.0,
H01123,317.0,
H01124,317.0,
H01125,317.0,
H01126,317.0,
H01129,317.0,
H4010X0,243.0,
H4010X0,244.0,
H4010X1,243.0,
H4010X1,244.0,
H4010X2,243.0,
H4010X3,243.0,
H4010X4,243.0,
H4010X4,244.0,
H401110,243.0,
H401110,244.0,
H401111,243.0,
H401111,244.0,
H401112,243.0,
H401113,243.0,
H401114,243.0,
H401114,244.0,
H401120,243.0,
H401120,244.0,
H401121,243.0,
H401121,244.0,
H401122,243.0,
H401123,243.0,
H401124,243.0,
H401124,244.0,
H401130,243.0,
H401130,244.0,
H401131,243.0,
H401131,244.0,
H401132,243.0,
H401133,243.0,
H401134,243.0,
H401134,244.0,
H401190,243.0,
H401190,244.0,
H401191,243.0,
H401191,244.0,
H401192,243.0,
H401193,243.0,
H401194,243.0,
H401194,244.0,
H401210,243.0,
H401210,244.0,
H401211,243.0,
H401211,244.0,
H401212,243.0,
H401213,243.0,
H401214,243.0,
H401214,244.0,
H401220,243.0,
H401220,244.0,
H401221,243.0,
H401221,244.0,
H401222,243.0,
H401223,243.0,
H401224,243.0,
H401224,244.0,
H401230,243.0,
H401230,244.0,
H401231,243.0,
H401231,244.0,
H401232,243.0,
H401233,243.0,
H401234,243.0,
H401234,244.0,
H401290,243.0,
H401290,244.0,
H401291,243.0,
H401291,244.0,
H401292,243.0,
H401293,243.0,
H401294,243.0,
H401294,244.0,
H401310,243.0,
H401310,244.0,
H401311,243.0,
H401311,244.0,
H401312,243.0,
H401313,243.0,
H401314,243.0,
H401314,244.0,
H401320,243.0,
H401320,244.0,
H401321,243.0,
H401321,244.0,
H401322,243.0,
H401323,243.0,
H401324,243.0,
H401324,244.0,
H401330,243.0,
H401330,244.0,
H401331,243.0,
H401331,244.0,
H401332,243.0,
H401333,243.0,
H401334,243.0,
H401334,244.0,
H401390,243.0,
H401390,244.0,
H401391,243.0,
H401391,244.0,
H401392,243.0,
H401393,243.0,
H401394,243.0,
H401394,244.0,
H401410,243.0,
H401410,244.0,
H401411,243.0,
H401411,244.0,
H401412,243.0,
H401413,243.0,
H401414,243.0,
H401414,244.0,
H401420,243.0,
H401420,244.0,
H401421,243.0,
H401421,244.0,
H401422,243.0,
H401423,243.0,
H401424,243.0,
H401424,244.0,
H401430,243.0,
H401430,244.0,
H401431,243.0,
H401431,244.0,
H401432,243.0,
H401433,243.0,
H401434,243.0,
H401434,244.0,
H401490,243.0,
H401490,244.0,
H401491,243.0,
H401491,244.0,
H401492,243.0,
H401493,243.0,
H401494,243.0,
H401494,244.0,
H40151,243.0,
H40152,243.0,
H40153,243.0,
H40159,243.0,
H4020X0,244.0,
H4020X1,244.0,
H4020X2,243.0,
H4020X2,244.0,
H4020X3,243.0,
H4020X3,244.0,
H4020X4,244.0,
H402210,244.0,
H402211,244.0,
H402212,243.0,
H402212,244.0,
H402213,243.0,
H402213,244.0,
H402214,244.0,
H402220,244.0,
H402221,244.0,
H402222,243.0,
H402222,244.0,
H402223,243.0,
H402223,244.0,
H402224,244.0,
H402230,244.0,
H402231,244.0,
H402232,243.0,
H402232,244.0,
H402233,243.0,
H402233,244.0,
H402234,244.0,
H402290,244.0,
H402291,244.0,
H402292,243.0,
H402292,244.0,
H402293,243.0,
H402293,244.0,
H402294,244.0,
H40231,244.0,
H40232,244.0,
H40233,244.0,
H40239,244.0,
H40241,244.0,
H40242,244.0,
H40243,244.0,
H40249,244.0,
H4030X0,244.0,
H4030X1,244.0,
H4030X2,243.0,
H4030X2,244.0,
H4030X3,243.0,
H4030X3,244.0,
H4030X4,244.0,
H4031X0,244.0,
H4031X1,244.0,
H4031X2,243.0,
H4031X2,244.0,
H4031X3,243.0,
H4031X3,244.0,
H4031X4,244.0,
H4032X0,244.0,
H4032X1,244.0,
H4032X2,243.0,
H4032X2,244.0,
H4032X3,243.0,
H4032X3,244.0,
H4032X4,244.0,
H4033X0,244.0,
H4033X1,244.0,
H4033X2,243.0,
H4033X2,244.0,
H4033X3,243.0,
H4033X3,244.0,
H4033X4,244.0,
H4040X0,244.0,
H4040X1,244.0,
H4040X2,243.0,
H4040X2,244.0,
H4040X3,243.0,
H4040X3,244.0,
H4040X4,244.0,
H4041X0,244.0,
H4041X1,244.0,
H4041X2,243.0,
H4041X2,244.0,
H4041X3,243.0,
H4041X3,244.0,
H4041X4,244.0,
H4042X0,244.0,
H4042X1,244.0,
H4042X2,243.0,
H4042X2,244.0,
H4042X3,243.0,
H4042X3,244.0,
H4042X4,244.0,
H4043X0,244.0,
H4043X1,244.0,
H4043X2,243.0,
H4043X2,244.0,
H4043X3,243.0,
H4043X3,244.0,
H4043X4,244.0,
H4050X0,244.0,
H4050X1,244.0,
H4050X2,243.0,
H4050X2,244.0,
H4050X3,243.0,
H4050X3,244.0,
H4050X4,244.0,
H4051X0,244.0,
H4051X1,244.0,
H4051X2,243.0,
H4051X2,244.0,
H4051X3,243.0,
H4051X3,244.0,
H4051X4,244.0,
H4052X0,244.0,
H4052X1,244.0,
H4052X2,243.0,
H4052X2,244.0,
H4052X3,243.0,
H4052X3,244.0,
H4052X4,244.0,
H4053X0,244.0,
H4053X1,244.0,
H4053X2,243.0,
H4053X2,244.0,
H4053X3,243.0,
H4053X3,244.0,
H4053X4,244.0,
H4060X0,244.0,
H4060X1,244.0,
H4060X2,243.0,
H4060X2,244.0,
H4060X3,243.0,
H4060X3,244.0,
H4060X4,244.0,
H4061X0,244.0,
H4061X1,244.0,
H4061X2,243.0,
H4061X2,244.0,
H4061X3,243.0,
H4061X3,244.0,
H4061X4,244.0,
H4062X0,244.0,
H4062X1,244.0,
H4062X2,243.0,
H4062X2,244.0,
H4062X3,243.0,
H4062X3,244.0,
H4062X4,244.0,
H4063X0,244.0,
H4063X1,244.0,
H4063X2,243.0,
H4063X2,244.0,
H4063X3,243.0,
H4063X3,244.0,
H4063X4,244.0,
H40811,244.0,
H40812,244.0,
H40813,244.0,
H40819,244.0,
H40821,244.0,
H40822,244.0,
H40823,244.0,
H40829,244.0,
H40831,244.0,
H40832,244.0,
H40833,244.0,
H40839,244.0,
H40841,243.0,
H40842,243.0,
H40843,243.0,
H40849,243.0,
H4089,244.0,
H409,244.0,
H42,244.0,
H49811,43.0,
H49812,43.0,
H49813,43.0,
H49819,43.0,
I0981,186.0,
I10,187.0,
I110,186.0,
I119,187.0,
I120,187.0,
I120,262.0,
I129,187.0,
I130,186.0,
I1310,187.0,
I1311,187.0,
I1311,262.0,
I132,186.0,
I132,262.0,
I150,187.0,
I151,187.0,
I152,187.0,
I158,187.0,
I159,187.0,
I160,187.0,
I161,187.0,
I169,187.0,
I1A0,187.0,
I200,188.0,
I201,188.0,
I202,188.0,
I2081,188.0,
I2089,188.0,
I209,188.0,
I2101,188.0,
I2102,188.0,
I2109,188.0,
I2111,188.0,
I2119,188.0,
I2121,188.0,
I2129,188.0,
I213,188.0,
I214,188.0,
I219,188.0,
I21A1,188.0,
I21A9,188.0,
I21B,188.0,
I220,188.0,
I221,188.0,
I222,188.0,
I228,188.0,
I229,188.0,
I230,188.0,age >= 15
I231,188.0,age >= 15
I232,188.0,age >= 15
I233,188.0,age >= 15
I234,188.0,
I235,188.0,
I236,188.0,age >= 15
I237,188.0,age >= 15
I238,188.0,age >= 15
I240,188.0,
I241,188.0,
I2481,188.0,
I2489,188.0,
I249,188.0,
I2510,188.0,age >= 15
I25110,188.0,age >= 15
I25111,188.0,age >= 15
I25112,188.0,age >= 15
I25118,188.0,age >= 15
I25119,188.0,age >= 15
I252,188.0,
I253,188.0,
I2541,188.0,
I2542,188.0,
I255,188.0,
I256,188.0,
I25700,188.0,age >= 15
I25701,188.0,age >= 15
I25702,188.0,age >= 15
I25708,188.0,age >= 15
I25709,188.0,age >= 15
I25710,188.0,age >= 15
I25711,188.0,age >= 15
I25712,188.0,age >= 15
I25718,188.0,age >= 15
I25719,188.0,age >= 15
I25720,188.0,age >= 15
I25721,188.0,age >= 15
I25722,188.0,age >= 15
I25728,188.0,age >= 15
I25729,188.0,age >= 15
I25730,188.0,age >= 15
I25731,188.0,age >= 15
I25732,188.0,age >= 15
I25738,188.0,age >= 15
I25739,188.0,age >= 15
I25750,188.0,
I25751,188.0,
I25752,188.0,age >= 15
I25758,188.0,
I25759,188.0,
I25760,188.0,age >= 15
I25761,188.0,age >= 15
I25762,188.0,age >= 15
I25768,188.0,age >= 15
I25769,188.0,age >= 15
I25790,188.0,age >= 15
I25791,188.0,age >= 15
I25792,188.0,age >= 15
I25798,188.0,age >= 15
I25799,188.0,age >= 15
I25810,188.0,age >= 15
I25811,188.0,
I25812,188.0,age >= 15
I2582,188.0,
I2583,188.0,age >= 15
I2584,188.0,
I2585,188.0,
I2589,188.0,
I259,188.0,
I2601,186.0,
I2601,215.0,
I2602,186.0,
I2602,215.0,
I2603,186.0,
I2603,215.0,
I2604,186.0,
I2604,215.0,
I2609,186.0,
I2609,215.0,
I2690,215.0,
I2692,215.0,
I2693,215.0,
I2694,215.0,
I2695,215.0,
I2696,215.0,
I2699,215.0,
I270,183.0,
I271,184.0,
I2720,184.0,
I2721,183.0,
I2722,184.0,
I2723,184.0,
I2724,184.0,
I2729,184.0,
I2781,184.0,
I2782,184.0,
I2783,183.0,
I27840,191.0,
I27841,191.0,
I27848,191.0,
I27849,191.0,
I2789,184.0,
I279,184.0,
I280,184.0,
I281,184.0,
I288,184.0,
I289,184.0,
I420,186.0,
I421,186.0,
I422,186.0,
I423,186.0,
I424,186.0,
I425,186.0,
I426,186.0,
I427,186.0,
I428,186.0,
I429,186.0,
I43,186.0,
I4710,193.0,
I4711,193.0,
I4719,193.0,
I479,193.0,
I480,193.0,
I4811,193.0,
I4819,193.0,
I4820,193.0,
I4821,193.0,
I483,193.0,
I484,193.0,
I4891,193.0,
I4892,193.0,
I492,193.0,
I501,186.0,
I5020,186.0,
I5021,186.0,
I5022,186.0,
I5023,186.0,
I5030,186.0,
I5031,186.0,
I5032,186.0,
I5033,186.0,
I5040,186.0,
I5041,186.0,
I5042,186.0,
I5043,186.0,
I50810,186.0,
I50811,186.0,
I50812,186.0,
I50813,186.0,
I50814,186.0,
I5082,186.0,
I5083,186.0,
I5084,186.0,
I5089,186.0,
I509,186.0,
I511,188.0,
I512,188.0,
I514,186.0,
I515,186.0,
I673,112.0,
I674,187.0,
I70231,311.0,age >= 15
I70232,311.0,age >= 15
I70233,311.0,age >= 15
I70234,311.0,age >= 15
I70235,311.0,age >= 15
I70238,311.0,age >= 15
I70239,311.0,age >= 15
I70241,311.0,age >= 15
I70242,311.0,age >= 15
I70243,311.0,age >= 15
I70244,311.0,age >= 15
I70245,311.0,age >= 15
I70248,311.0,age >= 15
I70249,311.0,age >= 15
I7025,311.0,age >= 15
I70331,311.0,age >= 15
I70332,311.0,age >= 15
I70333,311.0,age >= 15
I70334,311.0,age >= 15
I70335,311.0,age >= 15
I70338,311.0,age >= 15
I70339,311.0,age >= 15
I70341,311.0,age >= 15
I70342,311.0,age >= 15
I70343,311.0,age >= 15
I70344,311.0,age >= 15
I70345,311.0,age >= 15
I70348,311.0,age >= 15
I70349,311.0,age >= 15
I7035,311.0,age >= 15
I70431,311.0,age >= 15
I70432,311.0,age >= 15
I70433,311.0,age >= 15
I70434,311.0,age >= 15
I70435,311.0,age >= 15
I70438,311.0,age >= 15
I70439,311.0,age >= 15
I70441,311.0,age >= 15
I70442,311.0,age >= 15
I70443,311.0,age >= 15
I70444,311.0,age >= 15
I70445,311.0,age >= 15
I70448,311.0,age >= 15
I70449,311.0,age >= 15
I7045,311.0,age >= 15
I70531,311.0,age >= 15
I70532,311.0,age >= 15
I70533,311.0,age >= 15
I70534,311.0,age >= 15
I70535,311.0,age >= 15
I70538,311.0,age >= 15
I70539,311.0,age >= 15
I70541,311.0,age >= 15
I70542,311.0,age >= 15
I70543,311.0,age >= 15
I70544,311.0,age >= 15
I70545,311.0,age >= 15
I70548,311.0,age >= 15
I70549,311.0,age >= 15
I7055,311.0,age >= 15
I70631,311.0,age >= 15
I70632,311.0,age >= 15
I70633,311.0,age >= 15
I70634,311.0,age >= 15
I70635,311.0,age >= 15
I70638,311.0,age >= 15
I70639,311.0,age >= 15
I70641,311.0,age >= 15
I70642,311.0,age >= 15
I70643,311.0,age >= 15
I70644,311.0,age >= 15
I70645,311.0,age >= 15
I70648,311.0,age >= 15
I70649,311.0,age >= 15
I7065,311.0,age >= 15
I70731,311.0,age >= 15
I70732,311.0,age >= 15
I70733,311.0,age >= 15
I70734,311.0,age >= 15
I70735,311.0,age >= 15
I70738,311.0,age >= 15
I70739,311.0,age >= 15
I70741,311.0,age >= 15
I70742,311.0,age >= 15
I70743,311.0,age >= 15
I70744,311.0,age >= 15
I70745,311.0,age >= 15
I70748,311.0,age >= 15
I70749,311.0,age >= 15
I7075,311.0,age >= 15
I7782,83.0,
I8010,215.0,
I8011,215.0,
I8012,215.0,
I8013,215.0,
I80201,215.0,
I80202,215.0,
I80203,215.0,
I80209,215.0,
I80211,215.0,
I80212,215.0,
I80213,215.0,
I80219,215.0,
I80221,215.0,
I80222,215.0,
I80223,215.0,
I80229,215.0,
I80231,215.0,
I80232,215.0,
I80233,215.0,
I80239,215.0,
I80241,215.0,
I80242,215.0,
I80243,215.0,
I80249,215.0,
I80251,215.0,
I80252,215.0,
I80253,215.0,
I80259,215.0,
I80291,215.0,
I80292,215.0,
I80293,215.0,
I80299,215.0,
I820,215.0,
I82210,215.0,
I82211,215.0,
I82220,215.0,
I82221,215.0,
I82290,215.0,
I82291,215.0,
I823,215.0,
I82401,215.0,
I82402,215.0,
I82403,215.0,
I82409,215.0,
I82411,215.0,
I82412,215.0,
I82413,215.0,
I82419,215.0,
I82421,215.0,
I82422,215.0,
I82423,215.0,
I82429,215.0,
I82431,215.0,
I82432,215.0,
I82433,215.0,
I82439,215.0,
I82441,215.0,
I82442,215.0,
I82443,215.0,
I82449,215.0,
I82451,215.0,
I82452,215.0,
I82453,215.0,
I82459,215.0,
I82461,215.0,
I82462,215.0,
I82463,215.0,
I82469,215.0,
I82491,215.0,
I82492,215.0,
I82493,215.0,
I82499,215.0,
I824Y1,215.0,
I824Y2,215.0,
I824Y3,215.0,
I824Y9,215.0,
I824Z1,215.0,
I824Z2,215.0,
I824Z3,215.0,
I824Z9,215.0,
I82501,215.0,
I82502,215.0,
I82503,215.0,
I82509,215.0,
I82511,215.0,
I82512,215.0,
I82513,215.0,
I82519,215.0,
I82521,215.0,
I82522,215.0,
I82523,215.0,
I82529,215.0,
I82531,215.0,
I82532,215.0,
I82533,215.0,
I82539,215.0,
I82541,215.0,
I82542,215.0,
I82543,215.0,
I82549,215.0,
I82551,215.0,
I82552,215.0,
I82553,215.0,
I82559,215.0,
I82561,215.0,
I82562,215.0,
I82563,215.0,
I82569,215.0,
I82591,215.0,
I82592,215.0,
I82593,215.0,
I82599,215.0,
I825Y1,215.0,
I825Y2,215.0,
I825Y3,215.0,
I825Y9,215.0,
I825Z1,215.0,
I825Z2,215.0,
I825Z3,215.0,
I825Z9,215.0,
I82621,215.0,
I82622,215.0,
I82623,215.0,
I82629,215.0,
I82721,215.0,
I82722,215.0,
I82723,215.0,
I82729,215.0,
I82A11,215.0,
I82A12,215.0,
I82A13,215.0,
I82A19,215.0,
I82A21,215.0,
I82A22,215.0,
I82A23,215.0,
I82A29,215.0,
I82B11,215.0,
I82B12,215.0,
I82B13,215.0,
I82B19,215.0,
I82B21,215.0,
I82B22,215.0,
I82B23,215.0,
I82B29,215.0,
I82C11,215.0,
I82C12,215.0,
I82C13,215.0,
I82C19,215.0,
I82C21,215.0,
I82C22,215.0,
I82C23,215.0,
I82C29,215.0,
J410,229.0,
J411,229.0,
J418,229.0,
J42,229.0,
J430,229.0,
J431,229.0,
J432,229.0,
J438,229.0,
J439,229.0,
J440,229.0,
J441,229.0,
J4481,229.0,
J4489,229.0,
J449,229.0,
J4520,229.0,
J4521,229.0,
J4522,229.0,
J4530,229.0,
J4531,229.0,
J4532,229.0,
J4540,229.0,
J4541,229.0,
J4542,229.0,
J4550,228.0,
J4551,228.0,
J4552,228.0,
J45901,229.0,
J45902,229.0,
J45909,229.0,
J45990,229.0,
J45991,229.0,
J45998,229.0,
J470,229.0,
J471,229.0,
J479,229.0,
J4A0,396.0,
J4A8,396.0,
J4A9,396.0,
J8281,229.0,
J8283,229.0,
J8401,227.0,
J8402,227.0,
J8403,227.0,
J8409,227.0,
J8410,227.0,
J84111,227.0,
J84112,226.0,
J84113,227.0,
J84114,227.0,
J84115,227.0,
J84116,227.0,
J84117,227.0,
J84170,226.0,
J84178,227.0,
J842,227.0,
J8481,227.0,
J8482,227.0,age >= 15
J8483,227.0,
J84841,227.0,
J84842,227.0,
J84843,227.0,
J84848,227.0,
J8489,227.0,
J849,227.0,
J982,229.0,
J983,229.0,
J99,227.0,
K5000,67.0,
K50011,67.0,
K50012,67.0,
K50013,67.0,
K50014,67.0,
K50018,67.0,
K50019,67.0,
K5010,67.0,
K50111,67.0,
K50112,67.0,
K50113,67.0,
K50114,67.0,
K50118,67.0,
K50119,67.0,
K5080,67.0,
K50811,67.0,
K50812,67.0,
K50813,67.0,
K50814,67.0,
K50818,67.0,
K50819,67.0,
K5090,67.0,
K50911,67.0,
K50912,67.0,
K50913,67.0,
K50914,67.0,
K50918,67.0,
K50919,67.0,
K5100,67.0,
K51011,67.0,
K51012,67.0,
K51013,67.0,
K51014,67.0,
K51018,67.0,
K51019,67.0,
K5120,67.0,
K51211,67.0,
K51212,67.0,
K51213,67.0,
K51214,67.0,
K51218,67.0,
K51219,67.0,
K5130,67.0,
K51311,67.0,
K51312,67.0,
K51313,67.0,
K51314,67.0,
K51318,67.0,
K51319,67.0,
K5140,67.0,
K51411,67.0,
K51412,67.0,
K51413,67.0,
K51414,67.0,
K51418,67.0,
K51419,67.0,
K5150,67.0,
K51511,67.0,
K51512,67.0,
K51513,67.0,
K51514,67.0,
K51518,67.0,
K51519,67.0,
K5180,67.0,
K51811,67.0,
K51812,67.0,
K51813,67.0,
K51814,67.0,
K51818,67.0,
K51819,67.0,
K5190,67.0,
K51911,67.0,
K51912,67.0,
K51913,67.0,
K51914,67.0,
K51918,67.0,
K51919,67.0,
K52831,67.0,
K52832,67.0,
K52838,67.0,
K52839,67.0,
K743,59.0,
K860,65.0,
K861,65.0,
K862,66.0,
K863,66.0,
K8681,66.0,
K8689,66.0,
K869,66.0,
K87,66.0,
K900,66.0,
K901,66.0,
K902,66.0,
K903,66.0,
K9049,66.0,
K9081,66.0,
K90821,66.0,
K90822,66.0,
K90829,66.0,
K9083,66.0,
K9089,66.0,
K909,66.0,
K912,66.0,
L100,314.0,
L101,314.0,
L102,314.0,
L103,314.0,
L104,314.0,
L105,314.0,
L1081,314.0,
L1089,314.0,
L109,314.0,
L120,314.0,
L121,314.0,
L122,314.0,0 <= age <= 17
L128,314.0,
L129,314.0,
L130,314.0,
L131,314.0,
L138,314.0,
L139,314.0,
L14,314.0,
L400,316.0,
L401,316.0,
L402,316.0,
L403,316.0,
L404,316.0,
L4050,81.0,
L4051,81.0,
L4052,81.0,
L4053,81.0,
L4054,81.0,
L4059,81.0,
L408,316.0,
L409,316.0,
L410,316.0,
L411,316.0,
L413,316.0,
L414,316.0,
L415,316.0,
L418,316.0,
L419,316.0,
L88,314.0,
L930,317.0,
L931,317.0,
L932,317.0,
L945,316.0,
L97101,311.0,
L97102,311.0,
L97103,311.0,
L97104,311.0,
L97105,311.0,
L97106,311.0,
L97108,311.0,
L97109,311.0,
L97111,311.0,
L97112,311.0,
L97113,311.0,
L97114,311.0,
L97115,311.0,
L97116,311.0,
L97118,311.0,
L97119,311.0,
L97121,311.0,
L97122,311.0,
L97123,311.0,
L97124,311.0,
L97125,311.0,
L97126,311.0,
L97128,311.0,
L97129,311.0,
L97201,311.0,
L97202,311.0,
L97203,311.0,
L97204,311.0,
L97205,311.0,
L97206,311.0,
L97208,311.0,
L97209,311.0,
L97211,311.0,
L97212,311.0,
L97213,311.0,
L97214,311.0,
L97215,311.0,
L97216,311.0,
L97218,311.0,
L97219,311.0,
L97221,311.0,
L97222,311.0,
L97223,311.0,
L97224,311.0,
L97225,311.0,
L97226,311.0,
L97228,311.0,
L97229,311.0,
L97301,311.0,
L97302,311.0,
L97303,311.0,
L97304,311.0,
L97305,311.0,
L97306,311.0,
L97308,311.0,
L97309,311.0,
L97311,311.0,
L97312,311.0,
L97313,311.0,
L97314,311.0,
L97315,311.0,
L97316,311.0,
L97318,311.0,
L97319,311.0,
L97321,311.0,
L97322,311.0,
L97323,311.0,
L97324,311.0,
L97325,311.0,
L97326,311.0,
L97328,311.0,
L97329,311.0,
L97401,311.0,
L97402,311.0,
L97403,311.0,
L97404,311.0,
L97405,311.0,
L97406,311.0,
L97408,311.0,
L97409,311.0,
L97411,311.0,
L97412,311.0,
L97413,311.0,
L97414,311.0,
L97415,311.0,
L97416,311.0,
L97418,311.0,
L97419,311.0,
L97421,311.0,
L97422,311.0,
L97423,311.0,
L97424,311.0,
L97425,311.0,
L97426,311.0,
L97428,311.0,
L97429,311.0,
L97501,311.0,
L97502,311.0,
L97503,311.0,
L97504,311.0,
L97505,311.0,
L97506,311.0,
L97508,311.0,
L97509,311.0,
L97511,311.0,
L97512,311.0,
L97513,311.0,
L97514,311.0,
L97515,311.0,
L97516,311.0,
L97518,311.0,
L97519,311.0,
L97521,311.0,
L97522,311.0,
L97523,311.0,
L97524,311.0,
L97525,311.0,
L97526,311.0,
L97528,311.0,
L97529,311.0,
L97801,311.0,
L97802,311.0,
L97803,311.0,
L97804,311.0,
L97805,311.0,
L97806,311.0,
L97808,311.0,
L97809,311.0,
L97811,311.0,
L97812,311.0,
L97813,311.0,
L97814,311.0,
L97815,311.0,
L97816,311.0,
L97818,311.0,
L97819,311.0,
L97821,311.0,
L97822,311.0,
L97823,311.0,
L97824,311.0,
L97825,311.0,
L97826,311.0,
L97828,311.0,
L97829,311.0,
L97901,311.0,
L97902,311.0,
L97903,311.0,
L97904,311.0,
L97905,311.0,
L97906,311.0,
L97908,311.0,
L97909,311.0,
L97911,311.0,
L97912,311.0,
L97913,311.0,
L97914,311.0,
L97915,311.0,
L97916,311.0,
L97918,311.0,
L97919,311.0,
L97921,311.0,
L97922,311.0,
L97923,311.0,
L97924,311.0,
L97925,311.0,
L97926,311.0,
L97928,311.0,
L97929,311.0,
L98411,311.0,
L98412,311.0,
L98413,311.0,
L98414,311.0,
L98415,311.0,
L98416,311.0,
L98418,311.0,
L98419,311.0,
L98421,311.0,
L98422,311.0,
L98423,311.0,
L98424,311.0,
L98425,311.0,
L98426,311.0,
L98428,311.0,
L98429,311.0,
L98431,311.0,
L98432,311.0,
L98433,311.0,
L98434,311.0,
L98435,311.0,
L98436,311.0,
L98438,311.0,
L98439,311.0,
L98441,311.0,
L98442,311.0,
L98443,311.0,
L98444,311.0,
L98445,311.0,
L98446,311.0,
L98448,311.0,
L98449,311.0,
L98451,311.0,
L98452,311.0,
L98453,311.0,
L98454,311.0,
L98455,311.0,
L98456,311.0,
L98458,311.0,
L98459,311.0,
L98461,311.0,
L98462,311.0,
L98463,311.0,
L98464,311.0,
L98465,311.0,
L98466,311.0,
L98468,311.0,
L98469,311.0,
L98471,311.0,
L98472,311.0,
L98473,311.0,
L98474,311.0,
L98475,311.0,
L98476,311.0,
L98478,311.0,
L98479,311.0,
L98491,311.0,
L98492,311.0,
L98493,311.0,
L98494,311.0,
L98495,311.0,
L98496,311.0,
L98498,311.0,
L98499,311.0,
L98A111,311.0,
L98A112,311.0,
L98A113,311.0,
L98A114,311.0,
L98A115,311.0,
L98A116,311.0,
L98A118,311.0,
L98A119,311.0,
L98A121,311.0,
L98A122,311.0,
L98A123,311.0,
L98A124,311.0,
L98A125,311.0,
L98A126,311.0,
L98A128,311.0,
L98A129,311.0,
L98A191,311.0,
L98A192,311.0,
L98A193,311.0,
L98A194,311.0,
L98A195,311.0,
L98A196,311.0,
L98A198,311.0,
L98A199,311.0,
L98A211,311.0,
L98A212,311.0,
L98A213,311.0,
L98A214,311.0,
L98A215,311.0,
L98A216,311.0,
L98A218,311.0,
L98A219,311.0,
L98A221,311.0,
L98A222,311.0,
L98A223,311.0,
L98A224,311.0,
L98A225,311.0,
L98A226,311.0,
L98A228,311.0,
L98A229,311.0,
L98A291,311.0,
L98A292,311.0,
L98A293,311.0,
L98A294,311.0,
L98A295,311.0,
L98A296,311.0,
L98A298,311.0,
L98A299,311.0,
L98A311,311.0,
L98A312,311.0,
L98A313,311.0,
L98A314,311.0,
L98A315,311.0,
L98A316,311.0,
L98A318,311.0,
L98A319,311.0,
L98A321,311.0,
L98A322,311.0,
L98A323,311.0,
L98A324,311.0,
L98A325,311.0,
L98A326,311.0,
L98A328,311.0,
L98A329,311.0,
L98A391,311.0,
L98A392,311.0,
L98A393,311.0,
L98A394,311.0,
L98A395,311.0,
L98A396,311.0,
L98A398,311.0,
L98A399,311.0,
M0230,83.0,
M02311,83.0,
M02312,83.0,
M02319,83.0,
M02321,83.0,
M02322,83.0,
M02329,83.0,
M02331,83.0,
M02332,83.0,
M02339,83.0,
M02341,83.0,
M02342,83.0,
M02349,83.0,
M02351,83.0,
M02352,83.0,
M02359,83.0,
M02361,83.0,
M02362,83.0,
M02369,83.0,
M02371,83.0,
M02372,83.0,
M02379,83.0,
M0238,83.0,
M0239,83.0,
M041,83.0,
M042,83.0,
M048,83.0,
M049,83.0,
M0500,83.0,
M05011,83.0,
M05012,83.0,
M05019,83.0,
M05021,83.0,
M05022,83.0,
M05029,83.0,
M05031,83.0,
M05032,83.0,
M05039,83.0,
M05041,83.0,
M05042,83.0,
M05049,83.0,
M05051,83.0,
M05052,83.0,
M05059,83.0,
M05061,83.0,
M05062,83.0,
M05069,83.0,
M05071,83.0,
M05072,83.0,
M05079,83.0,
M0509,83.0,
M0510,83.0,
M05111,83.0,
M05112,83.0,
M05119,83.0,
M05121,83.0,
M05122,83.0,
M05129,83.0,
M05131,83.0,
M05132,83.0,
M05139,83.0,
M05141,83.0,
M05142,83.0,
M05149,83.0,
M05151,83.0,
M05152,83.0,
M05159,83.0,
M05161,83.0,
M05162,83.0,
M05169,83.0,
M05171,83.0,
M05172,83.0,
M05179,83.0,
M0519,83.0,
M0520,83.0,
M05211,83.0,
M05212,83.0,
M05219,83.0,
M05221,83.0,
M05222,83.0,
M05229,83.0,
M05231,83.0,
M05232,83.0,
M05239,83.0,
M05241,83.0,
M05242,83.0,
M05249,83.0,
M05251,83.0,
M05252,83.0,
M05259,83.0,
M05261,83.0,
M05262,83.0,
M05269,83.0,
M05271,83.0,
M05272,83.0,
M05279,83.0,
M0529,83.0,
M0530,83.0,
M05311,83.0,
M05312,83.0,
M05319,83.0,
M05321,83.0,
M05322,83.0,
M05329,83.0,
M05331,83.0,
M05332,83.0,
M05339,83.0,
M05341,83.0,
M05342,83.0,
M05349,83.0,
M05351,83.0,
M05352,83.0,
M05359,83.0,
M05361,83.0,
M05362,83.0,
M05369,83.0,
M05371,83.0,
M05372,83.0,
M05379,83.0,
M0539,83.0,
M0540,83.0,
M05411,83.0,
M05412,83.0,
M05419,83.0,
M05421,83.0,
M05422,83.0,
M05429,83.0,
M05431,83.0,
M05432,83.0,
M05439,83.0,
M05441,83.0,
M05442,83.0,
M05449,83.0,
M05451,83.0,
M05452,83.0,
M05459,83.0,
M05461,83.0,
M05462,83.0,
M05469,83.0,
M05471,83.0,
M05472,83.0,
M05479,83.0,
M0549,83.0,
M0550,83.0,
M0550,158.0,
M05511,83.0,
M05511,158.0,
M05512,83.0,
M05512,158.0,
M05519,83.0,
M05519,158.0,
M05521,83.0,
M05521,158.0,
M05522,83.0,
M05522,158.0,
M05529,83.0,
M05529,158.0,
M05531,83.0,
M05531,158.0,
M05532,83.0,
M05532,158.0,
M05539,83.0,
M05539,158.0,
M05541,83.0,
M05541,158.0,
M05542,83.0,
M05542,158.0,
M05549,83.0,
M05549,158.0,
M05551,83.0,
M05551,158.0,
M05552,83.0,
M05552,158.0,
M05559,83.0,
M05559,158.0,
M05561,83.0,
M05561,158.0,
M05562,83.0,
M05562,158.0,
M05569,83.0,
M05569,158.0,
M05571,83.0,
M05571,158.0,
M05572,83.0,
M05572,158.0,
M05579,83.0,
M05579,158.0,
M0559,83.0,
M0559,158.0,
M0560,83.0,
M05611,83.0,
M05612,83.0,
M05619,83.0,
M05621,83.0,
M05622,83.0,
M05629,83.0,
M05631,83.0,
M05632,83.0,
M05639,83.0,
M05641,83.0,
M05642,83.0,
M05649,83.0,
M05651,83.0,
M05652,83.0,
M05659,83.0,
M05661,83.0,
M05662,83.0,
M05669,83.0,
M05671,83.0,
M05672,83.0,
M05679,83.0,
M0569,83.0,
M0570,83.0,
M05711,83.0,
M05712,83.0,
M05719,83.0,
M05721,83.0,
M05722,83.0,
M05729,83.0,
M05731,83.0,
M05732,83.0,
M05739,83.0,
M05741,83.0,
M05742,83.0,
M05749,83.0,
M05751,83.0,
M05752,83.0,
M05759,83.0,
M05761,83.0,
M05762,83.0,
M05769,83.0,
M05771,83.0,
M05772,83.0,
M05779,83.0,
M0579,83.0,
M057A,83.0,
M0580,83.0,
M05811,83.0,
M05812,83.0,
M05819,83.0,
M05821,83.0,
M05822,83.0,
M05829,83.0,
M05831,83.0,
M05832,83.0,
M05839,83.0,
M05841,83.0,
M05842,83.0,
M05849,83.0,
M05851,83.0,
M05852,83.0,
M05859,83.0,
M05861,83.0,
M05862,83.0,
M05869,83.0,
M05871,83.0,
M05872,83.0,
M05879,83.0,
M0589,83.0,
M058A,83.0,
M059,83.0,
M05A,83.0,
M0600,83.0,
M06011,83.0,
M06012,83.0,
M06019,83.0,
M06021,83.0,
M06022,83.0,
M06029,83.0,
M06031,83.0,
M06032,83.0,
M06039,83.0,
M06041,83.0,
M06042,83.0,
M06049,83.0,
M06051,83.0,
M06052,83.0,
M06059,83.0,
M06061,83.0,
M06062,83.0,
M06069,83.0,
M06071,83.0,
M06072,83.0,
M06079,83.0,
M0608,83.0,
M0609,83.0,
M060A,83.0,
M061,83.0,age >= 15
M0620,83.0,
M06211,83.0,
M06212,83.0,
M06219,83.0,
M06221,83.0,
M06222,83.0,
M06229,83.0,
M06231,83.0,
M06232,83.0,
M06239,83.0,
M06241,83.0,
M06242,83.0,
M06249,83.0,
M06251,83.0,
M06252,83.0,
M06259,83.0,
M06261,83.0,
M06262,83.0,
M06269,83.0,
M06271,83.0,
M06272,83.0,
M06279,83.0,
M0628,83.0,
M0629,83.0,
M0630,83.0,
M06311,83.0,
M06312,83.0,
M06319,83.0,
M06321,83.0,
M06322,83.0,
M06329,83.0,
M06331,83.0,
M06332,83.0,
M06339,83.0,
M06341,83.0,
M06342,83.0,
M06349,83.0,
M06351,83.0,
M06352,83.0,
M06359,83.0,
M06361,83.0,
M06362,83.0,
M06369,83.0,
M06371,83.0,
M06372,83.0,
M06379,83.0,
M0638,83.0,
M0639,83.0,
M064,83.0,
M0680,83.0,
M06811,83.0,
M06812,83.0,
M06819,83.0,
M06821,83.0,
M06822,83.0,
M06829,83.0,
M06831,83.0,
M06832,83.0,
M06839,83.0,
M06841,83.0,
M06842,83.0,
M06849,83.0,
M06851,83.0,
M06852,83.0,
M06859,83.0,
M06861,83.0,
M06862,83.0,
M06869,83.0,
M06871,83.0,
M06872,83.0,
M06879,83.0,
M0688,83.0,
M0689,83.0,
M068A,83.0,
M069,83.0,
M0800,83.0,
M08011,83.0,
M08012,83.0,
M08019,83.0,
M08021,83.0,
M08022,83.0,
M08029,83.0,
M08031,83.0,
M08032,83.0,
M08039,83.0,
M08041,83.0,
M08042,83.0,
M08049,83.0,
M08051,83.0,
M08052,83.0,
M08059,83.0,
M08061,83.0,
M08062,83.0,
M08069,83.0,
M08071,83.0,
M08072,83.0,
M08079,83.0,
M0808,83.0,
M0809,83.0,
M080A,83.0,
M081,83.0,
M0820,83.0,
M08211,83.0,
M08212,83.0,
M08219,83.0,
M08221,83.0,
M08222,83.0,
M08229,83.0,
M08231,83.0,
M08232,83.0,
M08239,83.0,
M08241,83.0,
M08242,83.0,
M08249,83.0,
M08251,83.0,
M08252,83.0,
M08259,83.0,
M08261,83.0,
M08262,83.0,
M08269,83.0,
M08271,83.0,
M08272,83.0,
M08279,83.0,
M0828,83.0,
M0829,83.0,
M082A,83.0,
M083,83.0,
M0840,83.0,
M08411,83.0,
M08412,83.0,
M08419,83.0,
M08421,83.0,
M08422,83.0,
M08429,83.0,
M08431,83.0,
M08432,83.0,
M08439,83.0,
M08441,83.0,
M08442,83.0,
M08449,83.0,
M08451,83.0,
M08452,83.0,
M08459,83.0,
M08461,83.0,
M08462,83.0,
M08469,83.0,
M08471,83.0,
M08472,83.0,
M08479,83.0,
M0848,83.0,
M084A,83.0,
M0880,83.0,
M08811,83.0,
M08812,83.0,
M08819,83.0,
M08821,83.0,
M08822,83.0,
M08829,83.0,
M08831,83.0,
M08832,83.0,
M08839,83.0,
M08841,83.0,
M08842,83.0,
M08849,83.0,
M08851,83.0,
M08852,83.0,
M08859,83.0,
M08861,83.0,
M08862,83.0,
M08869,83.0,
M08871,83.0,
M08872,83.0,
M08879,83.0,
M0888,83.0,
M0889,83.0,
M0890,83.0,
M08911,83.0,
M08912,83.0,
M08919,83.0,
M08921,83.0,
M08922,83.0,
M08929,83.0,
M08931,83.0,
M08932,83.0,
M08939,83.0,
M08941,83.0,
M08942,83.0,
M08949,83.0,
M08951,83.0,
M08952,83.0,
M08959,83.0,
M08961,83.0,
M08962,83.0,
M08969,83.0,
M08971,83.0,
M08972,83.0,
M08979,83.0,
M0898,83.0,
M0899,83.0,
M089A,83.0,
M1200,83.0,
M12011,83.0,
M12012,83.0,
M12019,83.0,
M12021,83.0,
M12022,83.0,
M12029,83.0,
M12031,83.0,
M12032,83.0,
M12039,83.0,
M12041,83.0,
M12042,83.0,
M12049,83.0,
M12051,83.0,
M12052,83.0,
M12059,83.0,
M12061,83.0,
M12062,83.0,
M12069,83.0,
M12071,83.0,
M12072,83.0,
M12079,83.0,
M1208,83.0,
M1209,83.0,
M300,84.0,
M301,84.0,
M302,84.0,
M303,84.0,
M308,84.0,
M310,84.0,
M3110,84.0,
M3111,395.0,
M3119,84.0,
M312,84.0,
M3130,84.0,
M3131,84.0,
M314,84.0,
M315,84.0,
M316,84.0,
M317,84.0,
M320,84.0,
M3210,84.0,
M3211,84.0,
M3212,84.0,
M3213,84.0,
M3213,227.0,
M3214,84.0,
M3215,84.0,
M3219,84.0,
M328,84.0,
M329,84.0,
M3300,83.0,
M3301,83.0,
M3301,227.0,
M3302,83.0,
M3303,83.0,
M3309,83.0,
M3310,83.0,
M3311,83.0,
M3311,227.0,
M3312,83.0,
M3313,83.0,
M3319,83.0,
M3320,83.0,
M3321,83.0,
M3321,227.0,
M3322,83.0,
M3329,83.0,
M3390,83.0,
M3391,83.0,
M3391,227.0,
M3392,83.0,
M3393,83.0,
M3399,83.0,
M340,82.0,
M341,82.0,
M342,82.0,
M3481,82.0,
M3481,226.0,
M3482,82.0,
M3483,82.0,
M3483,158.0,
M3489,82.0,
M349,82.0,
M3500,84.0,
M3501,84.0,
M3502,84.0,
M3502,227.0,
M3503,84.0,
M3504,84.0,
M3505,84.0,
M3506,84.0,
M3507,84.0,
M3508,84.0,
M3509,84.0,
M350A,84.0,
M350B,84.0,
M350C,84.0,
M351,84.0,
M352,83.0,
M355,84.0,
M3589,84.0,
M359,84.0,
M360,83.0,
M368,84.0,
M450,83.0,
M451,83.0,
M452,83.0,
M453,83.0,
M454,83.0,
M455,83.0,
M456,83.0,
M457,83.0,
M458,83.0,
M459,83.0,
M45A0,83.0,
M45A1,83.0,
M45A2,83.0,
M45A3,83.0,
M45A4,83.0,
M45A5,83.0,
M45A6,83.0,
M45A7,83.0,
M45A8,83.0,
M45AB,83.0,
M4850XA,87.0,
M4851XA,87.0,
M4852XA,87.0,
M4853XA,87.0,
M4854XA,87.0,
M4855XA,87.0,
M4856XA,87.0,
M4857XA,87.0,
M4858XA,87.0,
M488X1,83.0,
M488X2,83.0,
M488X3,83.0,
M488X4,83.0,
M488X5,83.0,
M488X6,83.0,
M488X7,83.0,
M488X8,83.0,
M488X9,83.0,
M8000XA,87.0,age >= 15
M80011A,87.0,age >= 15
M80012A,87.0,age >= 15
M80019A,87.0,age >= 15
M80021A,87.0,age >= 15
M80022A,87.0,age >= 15
M80029A,87.0,age >= 15
M80031A,87.0,age >= 15
M80032A,87.0,age >= 15
M80039A,87.0,age >= 15
M80041A,87.0,age >= 15
M80042A,87.0,age >= 15
M80049A,87.0,age >= 15
M80051A,87.0,age >= 15
M80052A,87.0,age >= 15
M80059A,87.0,age >= 15
M80061A,87.0,age >= 15
M80062A,87.0,age >= 15
M80069A,87.0,age >= 15
M80071A,87.0,age >= 15
M80072A,87.0,age >= 15
M80079A,87.0,age >= 15
M8008XA,87.0,age >= 15
M800AXA,87.0,age >= 15
M800B1A,87.0,age >= 15
M800B2A,87.0,age >= 15
M800B9A,87.0,age >= 15
M8080XA,87.0,
M80811A,87.0,
M80812A,87.0,
M80819A,87.0,
M80821A,87.0,
M80822A,87.0,
M80829A,87.0,
M80831A,87.0,
M80832A,87.0,
M80839A,87.0,
M80841A,87.0,
M80842A,87.0,
M80849A,87.0,
M80851A,87.0,
M80852A,87.0,
M80859A,87.0,
M80861A,87.0,
M80862A,87.0,
M80869A,87.0,
M80871A,87.0,
M80872A,87.0,
M80879A,87.0,
M8088XA,87.0,
M808AXA,87.0,
M808B1A,87.0,
M808B2A,87.0,
M808B9A,87.0,
M810,87.0,age >= 15
M816,87.0,
M818,87.0,
M830,87.0,9 <= age <= 64
M831,87.0,age >= 15
M832,87.0,age >= 15
M833,87.0,age >= 15
M834,87.0,
M835,87.0,age >= 15
M838,87.0,age >= 15
M839,87.0,age >= 15
M8440XA,87.0,
M84411A,87.0,
M84412A,87.0,
M84419A,87.0,
M84421A,87.0,
M84422A,87.0,
M84429A,87.0,
M84431A,87.0,
M84432A,87.0,
M84433A,87.0,
M84434A,87.0,
M84439A,87.0,
M84441A,87.0,
M84442A,87.0,
M84443A,87.0,
M84444A,87.0,
M84445A,87.0,
M84446A,87.0,
M84451A,87.0,
M84452A,87.0,
M84453A,87.0,
M84454A,87.0,
M84459A,87.0,
M84461A,87.0,
M84462A,87.0,
M84463A,87.0,
M84464A,87.0,
M84469A,87.0,
M84471A,87.0,
M84472A,87.0,
M84473A,87.0,
M84474A,87.0,
M84475A,87.0,
M84476A,87.0,
M84477A,87.0,
M84478A,87.0,
M84479A,87.0,
M8448XA,87.0,
M8450XA,87.0,
M84511A,87.0,
M84512A,87.0,
M84519A,87.0,
M84521A,87.0,
M84522A,87.0,
M84529A,87.0,
M84531A,87.0,
M84532A,87.0,
M84533A,87.0,
M84534A,87.0,
M84539A,87.0,
M84541A,87.0,
M84542A,87.0,
M84549A,87.0,
M84550A,87.0,
M84551A,87.0,
M84552A,87.0,
M84553A,87.0,
M84559A,87.0,
M84561A,87.0,
M84562A,87.0,
M84563A,87.0,
M84564A,87.0,
M84569A,87.0,
M84571A,87.0,
M84572A,87.0,
M84573A,87.0,
M84574A,87.0,
M84575A,87.0,
M84576A,87.0,
M8458XA,87.0,
M8460XA,87.0,
M84611A,87.0,
M84612A,87.0,
M84619A,87.0,
M84621A,87.0,
M84622A,87.0,
M84629A,87.0,
M84631A,87.0,
M84632A,87.0,
M84633A,87.0,
M84634A,87.0,
M84639A,87.0,
M84641A,87.0,
M84642A,87.0,
M84649A,87.0,
M84650A,87.0,
M84651A,87.0,
M84652A,87.0,
M84653A,87.0,
M84659A,87.0,
M84661A,87.0,
M84662A,87.0,
M84663A,87.0,
M84664A,87.0,
M84669A,87.0,
M84671A,87.0,
M84672A,87.0,
M84673A,87.0,
M84674A,87.0,
M84675A,87.0,
M84676A,87.0,
M8468XA,87.0,
M8700,80.0,
M87011,80.0,
M87012,80.0,
M87019,80.0,
M87021,80.0,
M87022,80.0,
M87029,80.0,
M87031,80.0,
M87032,80.0,
M87033,80.0,
M87034,80.0,
M87035,80.0,
M87036,80.0,
M87037,80.0,
M87038,80.0,
M87039,80.0,
M87041,80.0,
M87042,80.0,
M87043,80.0,
M87044,80.0,
M87045,80.0,
M87046,80.0,
M87050,80.0,
M87051,80.0,
M87052,80.0,
M87059,80.0,
M87061,80.0,
M87062,80.0,
M87063,80.0,
M87064,80.0,
M87065,80.0,
M87066,80.0,
M87071,80.0,
M87072,80.0,
M87073,80.0,
M87074,80.0,
M87075,80.0,
M87076,80.0,
M87077,80.0,
M87078,80.0,
M87079,80.0,
M8708,80.0,
M8709,80.0,
M8710,80.0,
M87111,80.0,
M87112,80.0,
M87119,80.0,
M87121,80.0,
M87122,80.0,
M87129,80.0,
M87131,80.0,
M87132,80.0,
M87133,80.0,
M87134,80.0,
M87135,80.0,
M87136,80.0,
M87137,80.0,
M87138,80.0,
M87139,80.0,
M87141,80.0,
M87142,80.0,
M87143,80.0,
M87144,80.0,
M87145,80.0,
M87146,80.0,
M87150,80.0,
M87151,80.0,
M87152,80.0,
M87159,80.0,
M87161,80.0,
M87162,80.0,
M87163,80.0,
M87164,80.0,
M87165,80.0,
M87166,80.0,
M87171,80.0,
M87172,80.0,
M87173,80.0,
M87174,80.0,
M87175,80.0,
M87176,80.0,
M87177,80.0,
M87178,80.0,
M87179,80.0,
M87180,80.0,
M87188,80.0,
M8719,80.0,
M8720,80.0,
M87211,80.0,
M87212,80.0,
M87219,80.0,
M87221,80.0,
M87222,80.0,
M87229,80.0,
M87231,80.0,
M87232,80.0,
M87233,80.0,
M87234,80.0,
M87235,80.0,
M87236,80.0,
M87237,80.0,
M87238,80.0,
M87239,80.0,
M87241,80.0,
M87242,80.0,
M87243,80.0,
M87244,80.0,
M87245,80.0,
M87246,80.0,
M87250,80.0,
M87251,80.0,
M87252,80.0,
M87256,80.0,
M87261,80.0,
M87262,80.0,
M87263,80.0,
M87264,80.0,
M87265,80.0,
M87266,80.0,
M87271,80.0,
M87272,80.0,
M87273,80.0,
M87274,80.0,
M87275,80.0,
M87276,80.0,
M87277,80.0,
M87278,80.0,
M87279,80.0,
M8728,80.0,
M8729,80.0,
M8730,80.0,
M87311,80.0,
M87312,80.0,
M87319,80.0,
M87321,80.0,
M87322,80.0,
M87329,80.0,
M87331,80.0,
M87332,80.0,
M87333,80.0,
M87334,80.0,
M87335,80.0,
M87336,80.0,
M87337,80.0,
M87338,80.0,
M87339,80.0,
M87341,80.0,
M87342,80.0,
M87343,80.0,
M87344,80.0,
M87345,80.0,
M87346,80.0,
M87350,80.0,
M87351,80.0,
M87352,80.0,
M87353,80.0,
M87361,80.0,
M87362,80.0,
M87363,80.0,
M87364,80.0,
M87365,80.0,
M87366,80.0,
M87371,80.0,
M87372,80.0,
M87373,80.0,
M87374,80.0,
M87375,80.0,
M87376,80.0,
M87377,80.0,
M87378,80.0,
M87379,80.0,
M8738,80.0,
M8739,80.0,
M8780,80.0,
M87811,80.0,
M87812,80.0,
M87819,80.0,
M87821,80.0,
M87822,80.0,
M87829,80.0,
M87831,80.0,
M87832,80.0,
M87833,80.0,
M87834,80.0,
M87835,80.0,
M87836,80.0,
M87837,80.0,
M87838,80.0,
M87839,80.0,
M87841,80.0,
M87842,80.0,
M87843,80.0,
M87844,80.0,
M87845,80.0,
M87849,80.0,
M87850,80.0,
M87851,80.0,
M87852,80.0,
M87859,80.0,
M87861,80.0,
M87862,80.0,
M87863,80.0,
M87864,80.0,
M87865,80.0,
M87869,80.0,
M87871,80.0,
M87872,80.0,
M87873,80.0,
M87874,80.0,
M87875,80.0,
M87876,80.0,
M87877,80.0,
M87878,80.0,
M87879,80.0,
M8788,80.0,
M8789,80.0,
M879,80.0,
M9050,80.0,
M90511,80.0,
M90512,80.0,
M90519,80.0,
M90521,80.0,
M90522,80.0,
M90529,80.0,
M90531,80.0,
M90532,80.0,
M90539,80.0,
M90541,80.0,
M90542,80.0,
M90549,80.0,
M90551,80.0,
M90552,80.0,
M90559,80.0,
M90561,80.0,
M90562,80.0,
M90569,80.0,
M90571,80.0,
M90572,80.0,
M90579,80.0,
M9058,80.0,
M9059,80.0,
N184,263.0,
N185,262.0,
N186,261.0,
N250,87.0,
N251,43.0,
N2581,43.0,
N262,187.0,
Q000,155.0,
Q001,155.0,
Q002,155.0,
Q010,155.0,
Q011,155.0,
Q012,155.0,
Q018,155.0,
Q019,155.0,
Q02,155.0,
Q030,155.0,
Q031,155.0,
Q038,155.0,
Q039,155.0,
Q040,155.0,
Q041,155.0,
Q042,155.0,
Q043,155.0,
Q044,155.0,
Q045,155.0,
Q046,155.0,
Q048,155.0,
Q049,155.0,
Q050,155.0,
Q051,155.0,
Q052,155.0,
Q053,155.0,
Q054,155.0,
Q055,155.0,
Q056,155.0,
Q057,155.0,
Q058,155.0,
Q059,155.0,
Q060,155.0,
Q061,155.0,
Q062,155.0,
Q063,155.0,
Q064,155.0,
Q068,155.0,
Q069,155.0,
Q0700,155.0,
Q0701,155.0,
Q0702,155.0,
Q0703,155.0,
Q078,155.0,
Q079,155.0,
Q200,191.0,
Q201,191.0,
Q202,191.0,
Q203,191.0,
Q204,191.0,
Q205,191.0,
Q208,191.0,
Q210,191.0,
Q2120,191.0,
Q2121,191.0,
Q2122,191.0,
Q2123,191.0,
Q213,191.0,
Q220,191.0,
Q234,191.0,
Q245,188.0,
Q250,191.0,
Q255,191.0,
Q2571,191.0,
Q260,191.0,
Q261,191.0,
Q262,191.0,
Q263,191.0,
Q264,191.0,
Q268,191.0,
Q269,191.0,
Q7960,84.0,
Q7961,84.0,
Q7962,84.0,
Q7963,84.0,
Q7969,84.0,
Q851,22.0,
Q8581,22.0,
Q8582,22.0,
Q8583,22.0,
Q8589,22.0,
Q859,22.0,
Q8711,148.0,
Q8740,84.0,
Q87410,84.0,
Q87418,84.0,
Q8742,84.0,
Q8743,84.0,
Q8782,84.0,
Q8786,148.0,
Q910,148.0,
Q911,148.0,
Q912,148.0,
Q913,148.0,
Q914,148.0,
Q915,148.0,
Q916,148.0,
Q917,148.0,
Q920,148.0,
Q921,148.0,
Q922,148.0,
Q925,148.0,
Q9261,148.0,
Q9262,148.0,
Q927,148.0,
Q928,148.0,
Q929,148.0,
Q930,148.0,
Q931,148.0,
Q932,148.0,
Q933,148.0,
Q934,148.0,
Q9351,148.0,
Q9352,148.0,
Q9359,148.0,
Q937,148.0,
Q9381,148.0,
Q9382,148.0,
Q9388,148.0,
Q9389,148.0,
Q939,148.0,
Q952,148.0,
Q953,148.0,
Q992,148.0,
R4588,132.0,
T1491XA,132.0,
T360X2A,132.0,
T361X2A,132.0,
T362X2A,132.0,
T363X2A,132.0,
T364X2A,132.0,
T365X2A,132.0,
T366X2A,132.0,
T367X2A,132.0,
T368X2A,132.0,
T3692XA,132.0,
T36AX2A,132.0,
T370X2A,132.0,
T371X2A,132.0,
T372X2A,132.0,
T373X2A,132.0,
T374X2A,132.0,
T375X2A,132.0,
T378X2A,132.0,
T3792XA,132.0,
T380X2A,132.0,
T381X2A,132.0,
T382X2A,132.0,
T383X2A,132.0,
T384X2A,132.0,
T385X2A,132.0,
T386X2A,132.0,
T387X2A,132.0,
T38802A,132.0,
T38812A,132.0,
T38892A,132.0,
T38902A,132.0,
T38992A,132.0,
T39012A,132.0,
T39092A,132.0,
T391X2A,132.0,
T392X2A,132.0,
T39312A,132.0,
T39392A,132.0,
T394X2A,132.0,
T398X2A,132.0,
T3992XA,132.0,
T400X2A,132.0,
T401X2A,132.0,
T402X2A,132.0,
T403X2A,132.0,
T40412A,132.0,
T40422A,132.0,
T40492A,132.0,
T405X2A,132.0,
T40602A,132.0,
T40692A,132.0,
T40712A,132.0,
T40722A,132.0,
T408X2A,132.0,
T40902A,132.0,
T40992A,132.0,
T410X2A,132.0,
T411X2A,132.0,
T41202A,132.0,
T41292A,132.0,
T413X2A,132.0,
T4142XA,132.0,
T415X2A,132.0,
T420X2A,132.0,
T421X2A,132.0,
T422X2A,132.0,
T423X2A,132.0,
T424X2A,132.0,
T425X2A,132.0,
T426X2A,132.0,
T4272XA,132.0,
T428X2A,132.0,
T43012A,132.0,
T43022A,132.0,
T431X2A,132.0,
T43202A,132.0,
T43212A,132.0,
T43222A,132.0,
T43292A,132.0,
T433X2A,132.0,
T434X2A,132.0,
T43502A,132.0,
T43592A,132.0,
T43602A,132.0,
T43612A,132.0,
T43622A,132.0,
T43632A,132.0,
T43642A,132.0,
T43652A,132.0,
T43692A,132.0,
T438X2A,132.0,
T4392XA,132.0,
T440X2A,132.0,
T441X2A,132.0,
T442X2A,132.0,
T443X2A,132.0,
T444X2A,132.0,
T445X2A,132.0,
T446X2A,132.0,
T447X2A,132.0,
T448X2A,132.0,
T44902A,132.0,
T44992A,132.0,
T450X2A,132.0,
T451X2A,132.0,
T452X2A,132.0,
T453X2A,132.0,
T454X2A,132.0,
T45512A,132.0,
T45522A,132.0,
T45602A,132.0,
T45612A,132.0,
T45622A,132.0,
T45692A,132.0,
T457X2A,132.0,
T458X2A,132.0,
T4592XA,132.0,
T45AX2A,132.0,
T460X2A,132.0,
T461X2A,132.0,
T462X2A,132.0,
T463X2A,132.0,
T464X2A,132.0,
T465X2A,132.0,
T466X2A,132.0,
T467X2A,132.0,
T468X2A,132.0,
T46902A,132.0,
T46992A,132.0,
T470X2A,132.0,
T471X2A,132.0,
T472X2A,132.0,
T473X2A,132.0,
T474X2A,132.0,
T475X2A,132.0,
T476X2A,132.0,
T477X2A,132.0,
T478X2A,132.0,
T4792XA,132.0,
T480X2A,132.0,
T481X2A,132.0,
T48202A,132.0,
T48292A,132.0,
T483X2A,132.0,
T484X2A,132.0,
T485X2A,132.0,
T486X2A,132.0,
T48902A,132.0,
T48992A,132.0,
T490X2A,132.0,
T491X2A,132.0,
T492X2A,132.0,
T493X2A,132.0,
T494X2A,132.0,
T495X2A,132.0,
T496X2A,132.0,
T497X2A,132.0,
T498X2A,132.0,
T4992XA,132.0,
T500X2A,132.0,
T501X2A,132.0,
T502X2A,132.0,
T503X2A,132.0,
T504X2A,132.0,
T505X2A,132.0,
T506X2A,132.0,
T507X2A,132.0,
T508X2A,132.0,
T50902A,132.0,
T50912A,132.0,
T50992A,132.0,
T50A12A,132.0,
T50A22A,132.0,
T50A92A,132.0,
T50B12A,132.0,
T50B92A,132.0,
T50Z12A,132.0,
T50Z92A,132.0,
T510X2A,132.0,
T511X2A,132.0,
T512X2A,132.0,
T513X2A,132.0,
T518X2A,132.0,
T5192XA,132.0,
T520X2A,132.0,
T521X2A,132.0,
T522X2A,132.0,
T523X2A,132.0,
T524X2A,132.0,
T528X2A,132.0,
T5292XA,132.0,
T530X2A,132.0,
T531X2A,132.0,
T532X2A,132.0,
T533X2A,132.0,
T534X2A,132.0,
T535X2A,132.0,
T536X2A,132.0,
T537X2A,132.0,
T5392XA,132.0,
T540X2A,132.0,
T541X2A,132.0,
T542X2A,132.0,
T543X2A,132.0,
T5492XA,132.0,
T550X2A,132.0,
T551X2A,132.0,
T560X2A,132.0,
T561X2A,132.0,
T562X2A,132.0,
T563X2A,132.0,
T564X2A,132.0,
T565X2A,132.0,
T566X2A,132.0,
T567X2A,132.0,
T56812A,132.0,
T56822A,132.0,
T56892A,132.0,
T5692XA,132.0,
T570X2A,132.0,
T571X2A,132.0,
T572X2A,132.0,
T573X2A,132.0,
T578X2A,132.0,
T5792XA,132.0,
T5802XA,132.0,
T5812XA,132.0,
T582X2A,132.0,
T588X2A,132.0,
T5892XA,132.0,
T590X2A,132.0,
T591X2A,132.0,
T592X2A,132.0,
T593X2A,132.0,
T594X2A,132.0,
T595X2A,132.0,
T596X2A,132.0,
T597X2A,132.0,
T59812A,132.0,
T59892A,132.0,
T5992XA,132.0,
T600X2A,132.0,
T601X2A,132.0,
T602X2A,132.0,
T603X2A,132.0,
T604X2A,132.0,
T608X2A,132.0,
T6092XA,132.0,
T6102XA,132.0,
T6112XA,132.0,
T61772A,132.0,
T61782A,132.0,
T618X2A,132.0,
T6192XA,132.0,
T620X2A,132.0,
T621X2A,132.0,
T622X2A,132.0,
T628X2A,132.0,
T6292XA,132.0,
T63002A,132.0,
T63012A,132.0,
T63022A,132.0,
T63032A,132.0,
T63042A,132.0,
T63062A,132.0,
T63072A,132.0,
T63082A,132.0,
T63092A,132.0,
T63112A,132.0,
T63122A,132.0,
T63192A,132.0,
T632X2A,132.0,
T63302A,132.0,
T63312A,132.0,
T63322A,132.0,
T63332A,132.0,
T63392A,132.0,
T63412A,132.0,
T63422A,132.0,
T63432A,132.0,
T63442A,132.0,
T63452A,132.0,
T63462A,132.0,
T63482A,132.0,
T63512A,132.0,
T63592A,132.0,
T63612A,132.0,
T63622A,132.0,
T63632A,132.0,
T63692A,132.0,
T63712A,132.0,
T63792A,132.0,
T63812A,132.0,
T63822A,132.0,
T63832A,132.0,
T63892A,132.0,
T6392XA,132.0,
T6402XA,132.0,
T6482XA,132.0,
T650X2A,132.0,
T651X2A,132.0,
T65212A,132.0,
T65222A,132.0,
T65292A,132.0,
T653X2A,132.0,
T654X2A,132.0,
T655X2A,132.0,
T656X2A,132.0,
T65812A,132.0,
T65822A,132.0,
T65832A,132.0,
T65842A,132.0,
T65892A,132.0,
T6592XA,132.0,
T71112A,132.0,
T71122A,132.0,
T71132A,132.0,
T71152A,132.0,
T71162A,132.0,
T71192A,132.0,
T71222A,132.0,
T71232A,132.0,
T81502A,261.0,
T81512A,261.0,
T81522A,261.0,
T81532A,261.0,
T81592A,261.0,
T8241XA,261.0,
T8242XA,261.0,
T8243XA,261.0,
T8249XA,261.0,
T85611A,261.0,
T85621A,261.0,
T85631A,261.0,
T85691A,261.0,
T8571XA,261.0,
T8600,395.0,
T8601,395.0,
T8602,395.0,
T8603,395.0,
T8609,395.0,
T8610,260.0,
T8611,260.0,
T8612,260.0,
T8613,260.0,
T8619,260.0,
T8620,396.0,
T8621,396.0,
T8622,396.0,
T8623,396.0,
T86290,396.0,
T86298,396.0,
T8630,396.0,
T8631,396.0,
T8632,396.0,
T8633,396.0,
T8639,396.0,
T8640,396.0,
T8641,396.0,
T8642,396.0,
T8643,396.0,
T8649,396.0,
T865,395.0,
T86810,396.0,
T86811,396.0,
T86812,396.0,
T86818,396.0,
T86819,396.0,
T86850,396.0,
T86851,396.0,
T86852,396.0,
T86858,396.0,
T86859,396.0,
X710XXA,132.0,
X711XXA,132.0,
X712XXA,132.0,
X713XXA,132.0,
X718XXA,132.0,
X719XXA,132.0,
X72XXXA,132.0,
X730XXA,132.0,
X731XXA,132.0,
X732XXA,132.0,
X738XXA,132.0,
X739XXA,132.0,
X7401XA,132.0,
X7402XA,132.0,
X7409XA,132.0,
X748XXA,132.0,
X749XXA,132.0,
X75XXXA,132.0,
X76XXXA,132.0,
X770XXA,132.0,
X771XXA,132.0,
X772XXA,132.0,
X773XXA,132.0,
X778XXA,132.0,
X779XXA,132.0,
X780XXA,132.0,
X781XXA,132.0,
X782XXA,132.0,
X788XXA,132.0,
X789XXA,132.0,
X79XXXA,132.0,
X80XXXA,132.0,
X810XXA,132.0,
X811XXA,132.0,
X818XXA,132.0,
X820XXA,132.0,
X821XXA,132.0,
X822XXA,132.0,
X828XXA,132.0,
X830XXA,132.0,
X831XXA,132.0,
X832XXA,132.0,
X838XXA,132.0,
Y622,261.0,
Z21,1.0,
Z4821,396.0,
Z4822,260.0,
Z4823,396.0,
Z4824,396.0,
Z48280,396.0,
Z48290,395.0,
Z4901,261.0,
Z4902,261.0,
Z4931,261.0,
Z4932,261.0,
Z794,31.0,
Z91151,261.0,
Z91158,261.0,
Z91A51,261.0,
Z91A58,261.0,
Z940,260.0,
Z941,396.0,
Z942,396.0,
Z943,396.0,
Z944,396.0,
Z9481,395.0,
Z9482,396.0,
Z9483,396.0,
Z9484,395.0,
Z992,261.0,
